2026/05/28 05:46:02.943, 0 %, 0 MiB
2026/05/28 05:46:07.966, 0 %, 0 MiB
2026/05/28 05:46:12.991, 0 %, 0 MiB
2026/05/28 05:46:18.015, 0 %, 0 MiB
2026/05/28 05:46:23.040, 0 %, 0 MiB
2026/05/28 05:46:28.064, 0 %, 0 MiB
2026/05/28 05:46:33.088, 0 %, 0 MiB
2026/05/28 05:46:38.112, 0 %, 0 MiB
2026/05/28 05:46:43.137, 0 %, 0 MiB
2026/05/28 05:46:48.160, 0 %, 0 MiB
2026/05/28 05:46:53.184, 0 %, 0 MiB
2026/05/28 05:46:58.207, 0 %, 0 MiB
2026/05/28 05:47:03.231, 0 %, 0 MiB
2026/05/28 05:47:08.259, 0 %, 0 MiB
2026/05/28 05:47:13.284, 0 %, 0 MiB
2026/05/28 05:47:18.308, 0 %, 0 MiB
2026/05/28 05:47:23.332, 0 %, 0 MiB
2026/05/28 05:47:28.355, 0 %, 0 MiB
2026/05/28 05:47:33.380, 0 %, 0 MiB
2026/05/28 05:47:38.405, 0 %, 0 MiB
2026/05/28 05:47:43.428, 0 %, 593 MiB
2026/05/28 05:47:48.451, 0 %, 669 MiB
2026/05/28 05:47:53.473, 0 %, 669 MiB
2026/05/28 05:47:58.498, 0 %, 669 MiB
2026/05/28 05:48:03.521, 0 %, 669 MiB
2026/05/28 05:48:08.547, 0 %, 669 MiB
2026/05/28 05:48:13.571, 0 %, 669 MiB
2026/05/28 05:48:18.595, 0 %, 669 MiB
2026/05/28 05:48:23.619, 0 %, 593 MiB
2026/05/28 05:48:28.645, 0 %, 669 MiB
2026/05/28 05:48:33.668, 0 %, 593 MiB
2026/05/28 05:48:38.693, 0 %, 669 MiB
2026/05/28 05:48:43.717, 0 %, 669 MiB
2026/05/28 05:48:48.742, 0 %, 669 MiB
2026/05/28 05:48:53.765, 0 %, 669 MiB
2026/05/28 05:48:58.788, 0 %, 669 MiB
2026/05/28 05:49:03.813, 0 %, 669 MiB
2026/05/28 05:49:08.838, 0 %, 745 MiB
2026/05/28 05:49:13.862, 6 %, 593 MiB
2026/05/28 05:49:18.885, 0 %, 593 MiB
2026/05/28 05:49:23.909, 0 %, 593 MiB
2026/05/28 05:49:28.933, 0 %, 593 MiB
2026/05/28 05:49:33.955, 0 %, 593 MiB
2026/05/28 05:49:38.979, 0 %, 593 MiB
2026/05/28 05:49:44.001, 0 %, 593 MiB
2026/05/28 05:49:49.024, 0 %, 593 MiB
2026/05/28 05:49:54.047, 0 %, 593 MiB
2026/05/28 05:49:59.068, 0 %, 593 MiB
2026/05/28 05:50:04.092, 0 %, 593 MiB
2026/05/28 05:50:09.114, 0 %, 593 MiB
2026/05/28 05:50:14.137, 0 %, 593 MiB
2026/05/28 05:50:19.158, 0 %, 593 MiB
2026/05/28 05:50:24.182, 0 %, 593 MiB
2026/05/28 05:50:29.206, 0 %, 593 MiB
2026/05/28 05:50:34.228, 0 %, 593 MiB
2026/05/28 05:50:39.252, 0 %, 593 MiB
2026/05/28 05:50:44.275, 0 %, 593 MiB
2026/05/28 05:50:49.297, 0 %, 593 MiB
2026/05/28 05:50:54.321, 0 %, 593 MiB
2026/05/28 05:50:59.344, 0 %, 593 MiB
2026/05/28 05:51:04.367, 0 %, 593 MiB
2026/05/28 05:51:09.391, 0 %, 593 MiB
2026/05/28 05:51:14.414, 0 %, 593 MiB
2026/05/28 05:51:19.438, 0 %, 593 MiB
2026/05/28 05:51:24.463, 0 %, 593 MiB
2026/05/28 05:51:29.486, 0 %, 593 MiB
2026/05/28 05:51:34.510, 0 %, 593 MiB
2026/05/28 05:51:39.534, 0 %, 593 MiB
2026/05/28 05:51:44.557, 0 %, 593 MiB
2026/05/28 05:51:49.581, 0 %, 593 MiB
2026/05/28 05:51:54.604, 0 %, 593 MiB
2026/05/28 05:51:59.627, 2 %, 593 MiB
2026/05/28 05:52:04.650, 2 %, 593 MiB
2026/05/28 05:52:09.673, 0 %, 671 MiB
2026/05/28 05:52:14.696, 2 %, 671 MiB
2026/05/28 05:52:19.719, 0 %, 671 MiB
2026/05/28 05:52:24.742, 0 %, 671 MiB
2026/05/28 05:52:29.766, 0 %, 671 MiB
2026/05/28 05:52:34.789, 5 %, 593 MiB
2026/05/28 05:52:39.812, 0 %, 593 MiB
2026/05/28 05:52:44.836, 0 %, 593 MiB
2026/05/28 05:52:49.860, 0 %, 593 MiB
2026/05/28 05:52:54.884, 0 %, 593 MiB
2026/05/28 05:52:59.909, 0 %, 593 MiB
2026/05/28 05:53:04.933, 0 %, 593 MiB
2026/05/28 05:53:09.957, 0 %, 593 MiB
2026/05/28 05:53:14.980, 0 %, 593 MiB
2026/05/28 05:53:20.003, 0 %, 593 MiB
2026/05/28 05:53:25.026, 0 %, 593 MiB
2026/05/28 05:53:30.048, 0 %, 593 MiB
2026/05/28 05:53:35.070, 0 %, 593 MiB
2026/05/28 05:53:40.093, 0 %, 593 MiB
2026/05/28 05:53:45.115, 0 %, 593 MiB
2026/05/28 05:53:50.138, 0 %, 593 MiB
2026/05/28 05:53:55.160, 0 %, 593 MiB
2026/05/28 05:54:00.182, 0 %, 593 MiB
2026/05/28 05:54:05.205, 0 %, 593 MiB
2026/05/28 05:54:10.230, 0 %, 593 MiB
2026/05/28 05:54:15.252, 0 %, 593 MiB
2026/05/28 05:54:20.275, 0 %, 593 MiB
2026/05/28 05:54:25.297, 0 %, 593 MiB
2026/05/28 05:54:30.319, 0 %, 593 MiB
2026/05/28 05:54:35.342, 0 %, 593 MiB
2026/05/28 05:54:40.364, 0 %, 593 MiB
2026/05/28 05:54:45.387, 0 %, 593 MiB
2026/05/28 05:54:50.409, 2 %, 671 MiB
2026/05/28 05:54:55.431, 2 %, 671 MiB
2026/05/28 05:55:00.456, 2 %, 671 MiB
2026/05/28 05:55:05.479, 0 %, 671 MiB
2026/05/28 05:55:10.502, 0 %, 671 MiB
2026/05/28 05:55:15.524, 0 %, 593 MiB
2026/05/28 05:55:20.547, 5 %, 593 MiB
2026/05/28 05:55:25.571, 2 %, 593 MiB
2026/05/28 05:55:30.592, 0 %, 593 MiB
2026/05/28 05:55:35.615, 0 %, 593 MiB
2026/05/28 05:55:40.638, 0 %, 593 MiB
2026/05/28 05:55:45.662, 0 %, 593 MiB
2026/05/28 05:55:50.685, 0 %, 593 MiB
2026/05/28 05:55:55.709, 0 %, 593 MiB
2026/05/28 05:56:00.730, 0 %, 593 MiB
2026/05/28 05:56:05.752, 0 %, 593 MiB
2026/05/28 05:56:10.774, 0 %, 593 MiB
2026/05/28 05:56:15.795, 0 %, 593 MiB
2026/05/28 05:56:20.816, 0 %, 593 MiB
2026/05/28 05:56:25.837, 0 %, 593 MiB
2026/05/28 05:56:30.859, 0 %, 593 MiB
2026/05/28 05:56:35.881, 0 %, 593 MiB
2026/05/28 05:56:40.904, 0 %, 593 MiB
2026/05/28 05:56:45.927, 0 %, 593 MiB
2026/05/28 05:56:50.948, 0 %, 593 MiB
2026/05/28 05:56:55.972, 0 %, 593 MiB
2026/05/28 05:57:00.995, 0 %, 593 MiB
2026/05/28 05:57:06.017, 0 %, 593 MiB
2026/05/28 05:57:11.040, 0 %, 593 MiB
2026/05/28 05:57:16.063, 0 %, 593 MiB
2026/05/28 05:57:21.085, 0 %, 593 MiB
2026/05/28 05:57:26.107, 0 %, 595 MiB
2026/05/28 05:57:31.129, 0 %, 595 MiB
2026/05/28 05:57:36.151, 0 %, 595 MiB
2026/05/28 05:57:41.172, 0 %, 595 MiB
2026/05/28 05:57:46.194, 0 %, 595 MiB
2026/05/28 05:57:51.216, 0 %, 595 MiB
2026/05/28 05:57:56.239, 0 %, 595 MiB
2026/05/28 05:58:01.261, 0 %, 595 MiB
2026/05/28 05:58:06.284, 0 %, 595 MiB
2026/05/28 05:58:11.306, 0 %, 595 MiB
2026/05/28 05:58:16.327, 0 %, 595 MiB
2026/05/28 05:58:21.349, 2 %, 595 MiB
2026/05/28 05:58:26.371, 2 %, 595 MiB
2026/05/28 05:58:31.395, 0 %, 671 MiB
2026/05/28 05:58:36.416, 0 %, 671 MiB
2026/05/28 05:58:41.438, 0 %, 671 MiB
2026/05/28 05:58:46.460, 0 %, 671 MiB
2026/05/28 05:58:51.482, 0 %, 671 MiB
2026/05/28 05:58:56.504, 0 %, 671 MiB
2026/05/28 05:59:01.527, 0 %, 671 MiB
2026/05/28 05:59:06.549, 0 %, 671 MiB
2026/05/28 05:59:11.571, 0 %, 671 MiB
2026/05/28 05:59:16.592, 0 %, 671 MiB
2026/05/28 05:59:21.614, 0 %, 671 MiB
2026/05/28 05:59:26.636, 0 %, 671 MiB
2026/05/28 05:59:31.658, 0 %, 671 MiB
2026/05/28 05:59:36.679, 0 %, 671 MiB
2026/05/28 05:59:41.701, 0 %, 595 MiB
2026/05/28 05:59:46.723, 0 %, 595 MiB
2026/05/28 05:59:51.745, 5 %, 595 MiB
2026/05/28 05:59:56.782, 4 %, 595 MiB
2026/05/28 06:00:01.857, 1 %, 595 MiB
2026/05/28 06:00:06.921, 0 %, 671 MiB
2026/05/28 06:00:11.953, 0 %, 671 MiB
2026/05/28 06:00:16.975, 0 %, 671 MiB
2026/05/28 06:00:21.997, 0 %, 671 MiB
2026/05/28 06:00:27.019, 0 %, 671 MiB
2026/05/28 06:00:32.043, 0 %, 595 MiB
2026/05/28 06:00:37.066, 0 %, 595 MiB
2026/05/28 06:00:42.088, 0 %, 595 MiB
2026/05/28 06:00:47.109, 0 %, 595 MiB
2026/05/28 06:00:52.131, 3 %, 595 MiB
2026/05/28 06:00:57.154, 5 %, 595 MiB
2026/05/28 06:01:02.177, 0 %, 595 MiB
2026/05/28 06:01:07.199, 0 %, 595 MiB
2026/05/28 06:01:12.223, 0 %, 595 MiB
2026/05/28 06:01:17.245, 0 %, 595 MiB
2026/05/28 06:01:22.270, 0 %, 595 MiB
2026/05/28 06:01:27.292, 0 %, 595 MiB
2026/05/28 06:01:32.314, 0 %, 595 MiB
2026/05/28 06:01:37.336, 0 %, 595 MiB
2026/05/28 06:01:42.357, 0 %, 595 MiB
2026/05/28 06:01:47.381, 0 %, 595 MiB
2026/05/28 06:01:52.404, 0 %, 595 MiB
2026/05/28 06:01:57.456, 0 %, 595 MiB
2026/05/28 06:02:02.509, 0 %, 595 MiB
2026/05/28 06:02:07.531, 0 %, 595 MiB
2026/05/28 06:02:12.554, 0 %, 595 MiB
2026/05/28 06:02:17.577, 0 %, 595 MiB
2026/05/28 06:02:22.600, 0 %, 595 MiB
2026/05/28 06:02:27.623, 0 %, 595 MiB
2026/05/28 06:02:32.645, 0 %, 595 MiB
2026/05/28 06:02:37.667, 0 %, 595 MiB
2026/05/28 06:02:42.688, 0 %, 595 MiB
2026/05/28 06:02:47.710, 0 %, 595 MiB
2026/05/28 06:02:52.733, 0 %, 595 MiB
2026/05/28 06:02:57.755, 0 %, 595 MiB
2026/05/28 06:03:02.777, 0 %, 595 MiB
2026/05/28 06:03:07.799, 0 %, 595 MiB
2026/05/28 06:03:12.821, 0 %, 595 MiB
2026/05/28 06:03:17.843, 0 %, 595 MiB
2026/05/28 06:03:22.865, 0 %, 595 MiB
2026/05/28 06:03:27.888, 0 %, 595 MiB
2026/05/28 06:03:32.910, 0 %, 595 MiB
2026/05/28 06:03:37.931, 0 %, 595 MiB
2026/05/28 06:03:42.953, 0 %, 595 MiB
2026/05/28 06:03:47.975, 0 %, 595 MiB
2026/05/28 06:03:52.997, 0 %, 595 MiB
2026/05/28 06:03:58.019, 0 %, 595 MiB
2026/05/28 06:04:03.042, 0 %, 595 MiB
2026/05/28 06:04:08.064, 0 %, 595 MiB
2026/05/28 06:04:13.087, 0 %, 595 MiB
2026/05/28 06:04:18.128, 0 %, 673 MiB
2026/05/28 06:04:23.151, 2 %, 595 MiB
2026/05/28 06:04:28.173, 2 %, 595 MiB
2026/05/28 06:04:33.195, 0 %, 595 MiB
