timestamp_utc,gpu_util_percent,memory_used_mib,memory_total_mib,power_w,host_used_mib,host_available_mib
2026-08-14T13:34:53Z,0,14,49140,16.55,20423,490653
2026-08-14T13:35:03Z,0,14,49140,16.49,39646,471431
2026-08-14T13:35:13Z,0,14,49140,16.51,48618,462458
2026-08-14T13:35:23Z,0,14,49140,16.54,37980,473096
2026-08-14T13:35:33Z,0,14,49140,16.36,51531,459545
2026-08-14T13:35:43Z,0,14,49140,16.52,57961,453115
2026-08-14T13:35:53Z,0,14,49140,16.67,65562,445514
2026-08-14T13:36:03Z,0,14,49140,17.68,70859,440212
2026-08-14T13:36:13Z,0,14,49140,16.75,73908,437168
2026-08-14T13:36:23Z,0,14,49140,16.50,81212,429864
2026-08-14T13:36:33Z,0,14,49140,16.56,85082,425995
2026-08-14T13:36:43Z,0,14,49140,16.71,89395,421681
2026-08-14T13:36:53Z,0,14,49140,16.57,93998,417078
2026-08-14T13:37:03Z,0,14,49140,16.69,98104,412972
2026-08-14T13:37:13Z,0,14,49140,16.57,98601,412475
2026-08-14T13:37:23Z,0,14,49140,16.93,100369,410707
2026-08-14T13:37:33Z,0,14,49140,16.52,102701,408375
2026-08-14T13:37:43Z,0,14,49140,16.61,105214,405862
2026-08-14T13:37:53Z,0,14,49140,16.64,89320,421756
2026-08-14T13:38:03Z,0,14,49140,16.58,55543,455533
2026-08-14T13:38:13Z,0,14,49140,17.04,37612,473464
2026-08-14T13:38:23Z,0,14,49140,16.68,43372,467704
2026-08-14T13:38:33Z,0,14,49140,16.72,43453,467624
2026-08-14T13:38:43Z,0,14,49140,16.64,52297,458779
2026-08-14T13:38:53Z,0,14,49140,16.41,65165,445911
2026-08-14T13:39:03Z,0,14,49140,16.54,67895,443182
2026-08-14T13:39:13Z,0,14,49140,16.70,72315,438761
2026-08-14T13:39:23Z,0,14,49140,16.86,76491,434586
2026-08-14T13:39:33Z,0,14,49140,16.64,82620,428456
2026-08-14T13:39:43Z,0,14,49140,16.66,88482,422594
2026-08-14T13:39:54Z,0,14,49140,16.79,92917,418159
2026-08-14T13:40:04Z,0,14,49140,16.80,94864,416213
2026-08-14T13:40:14Z,0,14,49140,16.69,101747,409329
2026-08-14T13:40:24Z,0,14,49140,16.80,100686,410390
2026-08-14T13:40:34Z,0,14,49140,16.82,102084,408992
2026-08-14T13:40:44Z,0,14,49140,16.61,104199,406877
2026-08-14T13:40:54Z,0,14,49140,16.61,88604,422472
2026-08-14T13:41:04Z,0,14,49140,16.61,67637,443439
2026-08-14T13:41:14Z,0,14,49140,16.66,59300,451777
2026-08-14T13:41:24Z,0,14,49140,16.77,34536,476540
2026-08-14T13:41:34Z,0,14,49140,16.72,44237,466839
2026-08-14T13:41:44Z,0,14,49140,16.78,52710,458366
2026-08-14T13:41:54Z,0,14,49140,16.75,51879,459197
2026-08-14T13:42:04Z,0,14,49140,16.87,67499,443577
2026-08-14T13:42:14Z,0,14,49140,16.72,68119,442957
2026-08-14T13:42:24Z,0,14,49140,16.75,74190,436886
2026-08-14T13:42:34Z,0,14,49140,16.66,78638,432438
2026-08-14T13:42:44Z,0,14,49140,16.66,82552,428524
2026-08-14T13:42:54Z,0,14,49140,16.49,87535,423541
2026-08-14T13:43:04Z,0,14,49140,16.49,91713,419363
2026-08-14T13:43:14Z,0,14,49140,16.69,94958,416118
2026-08-14T13:43:24Z,0,14,49140,16.74,99321,411755
2026-08-14T13:43:34Z,0,14,49140,16.65,100112,410964
2026-08-14T13:43:44Z,0,14,49140,16.64,102228,408848
2026-08-14T13:43:54Z,0,14,49140,16.64,104825,406251
2026-08-14T13:44:04Z,0,14,49140,16.74,94243,416833
2026-08-14T13:44:14Z,0,14,49140,16.69,53191,457885
2026-08-14T13:44:24Z,0,14,49140,16.73,36719,474357
2026-08-14T13:44:34Z,0,14,49140,16.73,40895,470181
2026-08-14T13:44:44Z,0,14,49140,16.71,42773,468303
2026-08-14T13:44:54Z,0,14,49140,17.00,50616,460460
2026-08-14T13:45:04Z,0,14,49140,16.74,55325,455751
2026-08-14T13:45:14Z,0,14,49140,16.85,63868,447208
2026-08-14T13:45:24Z,0,14,49140,16.70,70464,440612
2026-08-14T13:45:34Z,0,14,49140,16.72,74032,437044
2026-08-14T13:45:44Z,0,14,49140,16.62,79329,431747
2026-08-14T13:45:54Z,0,14,49140,16.67,85081,425995
2026-08-14T13:46:05Z,0,14,49140,16.63,89046,422030
2026-08-14T13:46:15Z,0,14,49140,16.51,94642,416434
2026-08-14T13:46:25Z,0,14,49140,16.59,95551,415525
2026-08-14T13:46:35Z,0,14,49140,16.61,100319,410757
2026-08-14T13:46:45Z,0,14,49140,16.66,101347,409729
2026-08-14T13:46:55Z,0,14,49140,16.44,103364,407712
2026-08-14T13:47:05Z,0,14,49140,16.61,105585,405491
2026-08-14T13:47:15Z,0,14,49140,16.28,90002,421074
2026-08-14T13:47:25Z,0,14,49140,16.32,69421,441655
2026-08-14T13:47:35Z,0,14,49140,16.62,66264,444813
2026-08-14T13:47:45Z,0,14,49140,16.36,45679,465397
2026-08-14T13:47:55Z,0,14,49140,16.38,66367,444709
2026-08-14T13:48:05Z,0,14,49140,16.98,70016,441060
2026-08-14T13:48:15Z,0,14,49140,16.68,70979,440097
2026-08-14T13:48:25Z,0,14,49140,16.41,70058,441018
2026-08-14T13:48:35Z,0,14,49140,16.50,68364,442712
2026-08-14T13:48:45Z,0,14,49140,16.77,74603,436473
2026-08-14T13:48:55Z,0,14,49140,16.54,86886,424190
2026-08-14T13:49:05Z,0,14,49140,16.67,94978,416098
2026-08-14T13:49:15Z,0,14,49140,16.55,101986,409090
2026-08-14T13:49:25Z,0,14,49140,16.32,112782,398295
2026-08-14T13:49:35Z,0,14,49140,16.25,121711,389365
2026-08-14T13:49:45Z,0,14,49140,16.48,127288,383788
2026-08-14T13:49:55Z,0,14,49140,16.35,129604,381472
2026-08-14T13:50:05Z,0,14,49140,16.33,129963,381113
2026-08-14T13:50:15Z,0,14,49140,16.35,130122,380954
2026-08-14T13:50:25Z,0,14,49140,16.46,132375,378701
2026-08-14T13:50:35Z,0,14,49140,16.03,135298,375778
2026-08-14T13:50:45Z,0,14,49140,15.70,139874,371202
2026-08-14T13:50:55Z,0,14,49140,15.94,144835,366241
2026-08-14T13:51:05Z,0,14,49140,16.39,146362,364714
2026-08-14T13:51:15Z,0,14,49140,16.28,156224,354852
2026-08-14T13:51:25Z,0,14,49140,16.13,159204,351872
2026-08-14T13:51:35Z,0,14,49140,16.01,156607,354469
2026-08-14T13:51:45Z,0,14,49140,16.19,156444,354633
2026-08-14T13:51:55Z,0,14,49140,15.79,170721,340355
2026-08-14T13:52:06Z,0,14,49140,15.63,174589,336487
2026-08-14T13:52:16Z,0,14,49140,15.97,174298,336778
2026-08-14T13:52:26Z,0,14,49140,15.73,174706,336370
2026-08-14T13:52:36Z,0,14,49140,16.15,174721,336356
2026-08-14T13:52:46Z,0,14,49140,16.32,175087,335989
2026-08-14T13:52:56Z,0,14,49140,16.46,176738,334338
2026-08-14T13:53:06Z,0,14,49140,16.38,178741,332335
2026-08-14T13:53:16Z,0,14,49140,16.48,180345,330731
2026-08-14T13:53:26Z,0,14,49140,16.39,182318,328758
2026-08-14T13:53:36Z,0,14,49140,16.28,184293,326783
2026-08-14T13:53:46Z,0,14,49140,16.21,186065,325011
2026-08-14T13:53:56Z,0,14,49140,16.22,188027,323049
2026-08-14T13:54:06Z,0,14,49140,16.33,190389,320687
2026-08-14T13:54:16Z,0,14,49140,16.21,165630,345446
2026-08-14T13:54:26Z,0,14,49140,16.50,136521,374555
2026-08-14T13:54:36Z,0,14,49140,16.36,128302,382774
2026-08-14T13:54:46Z,0,14,49140,16.36,74544,436532
2026-08-14T13:54:56Z,0,14,49140,16.31,41447,469629
2026-08-14T13:55:06Z,0,14,49140,16.32,61443,449633
2026-08-14T13:55:16Z,0,14,49140,16.33,71112,439964
2026-08-14T13:55:26Z,0,14,49140,16.50,72876,438200
2026-08-14T13:55:36Z,0,14,49140,16.50,68996,442080
2026-08-14T13:55:46Z,0,14,49140,16.39,60662,450414
2026-08-14T13:55:56Z,0,14,49140,16.61,66541,444536
2026-08-14T13:56:06Z,0,14,49140,16.53,94391,416685
2026-08-14T13:56:16Z,0,14,49140,16.69,98156,412921
2026-08-14T13:56:26Z,0,14,49140,16.54,97174,413902
2026-08-14T13:56:36Z,0,14,49140,16.48,107810,403266
2026-08-14T13:56:46Z,0,14,49140,16.58,118625,392451
2026-08-14T13:56:56Z,0,14,49140,16.42,128577,382500
2026-08-14T13:57:06Z,0,14,49140,16.37,131605,379471
2026-08-14T13:57:16Z,0,14,49140,16.38,131798,379278
2026-08-14T13:57:26Z,0,14,49140,16.33,132108,378968
2026-08-14T13:57:36Z,0,14,49140,16.05,131826,379250
2026-08-14T13:57:46Z,0,14,49140,16.13,133797,377279
2026-08-14T13:57:56Z,0,14,49140,16.20,138410,372666
2026-08-14T13:58:07Z,0,14,49140,16.40,143449,367627
2026-08-14T13:58:17Z,0,14,49140,16.31,147448,363628
2026-08-14T13:58:27Z,0,14,49140,16.46,149957,361119
2026-08-14T13:58:37Z,0,14,49140,16.31,156391,354685
2026-08-14T13:58:47Z,0,14,49140,16.08,158052,353024
2026-08-14T13:58:57Z,0,14,49140,16.20,157936,353140
2026-08-14T13:59:07Z,0,14,49140,15.92,157843,353233
2026-08-14T13:59:17Z,0,14,49140,16.25,166378,344698
2026-08-14T13:59:27Z,0,14,49140,15.76,179451,331625
2026-08-14T13:59:37Z,0,14,49140,16.12,175818,335258
2026-08-14T13:59:47Z,0,14,49140,16.15,176252,334825
2026-08-14T13:59:57Z,0,14,49140,16.61,176040,335037
2026-08-14T14:00:07Z,0,14,49140,16.64,175916,335160
2026-08-14T14:00:17Z,0,14,49140,16.57,176633,334443
2026-08-14T14:00:27Z,0,14,49140,16.74,178386,332690
2026-08-14T14:00:37Z,0,14,49140,16.58,180340,330736
2026-08-14T14:00:47Z,0,14,49140,16.60,182050,329026
2026-08-14T14:00:57Z,0,14,49140,16.46,184029,327048
2026-08-14T14:01:07Z,0,14,49140,16.56,186109,324967
2026-08-14T14:01:17Z,0,14,49140,16.44,188055,323022
2026-08-14T14:01:27Z,0,14,49140,16.21,191088,319988
2026-08-14T14:01:37Z,0,14,49140,16.52,193360,317716
2026-08-14T14:01:47Z,0,14,49140,16.43,166493,344583
2026-08-14T14:01:57Z,0,14,49140,16.02,138921,372155
2026-08-14T14:02:07Z,0,14,49140,16.67,109089,401987
2026-08-14T14:02:17Z,0,14,49140,16.01,28223,482853
2026-08-14T14:02:27Z,0,14,49140,16.40,28416,482660
2026-08-14T14:02:37Z,0,14,49140,16.02,27522,483554
2026-08-14T14:02:47Z,0,14,49140,15.91,27328,483748
2026-08-14T14:02:57Z,0,14,49140,15.75,27395,483682
2026-08-14T14:03:07Z,0,14,49140,15.81,27983,483093
2026-08-14T14:03:17Z,0,14,49140,15.80,27888,483188
2026-08-14T14:03:27Z,0,14,49140,15.67,27648,483428
2026-08-14T14:03:37Z,99,28544,49140,298.30,27622,483436
2026-08-14T14:03:47Z,100,28544,49140,297.27,27336,483722
2026-08-14T14:03:57Z,100,28544,49140,297.63,27137,483920
2026-08-14T14:04:07Z,100,28544,49140,297.02,27014,484043
2026-08-14T14:04:18Z,100,28544,49140,297.77,26827,484231
2026-08-14T14:04:28Z,99,28544,49140,298.20,26899,484159
2026-08-14T14:04:38Z,100,28544,49140,296.90,26858,484200
2026-08-14T14:04:48Z,100,28544,49140,297.63,26302,484755
2026-08-14T14:04:58Z,100,28544,49140,297.95,26256,484802
2026-08-14T14:05:08Z,100,28544,49140,297.64,26309,484748
2026-08-14T14:05:18Z,100,28544,49140,297.54,26229,484829
2026-08-14T14:05:28Z,100,28544,49140,297.67,26187,484871
2026-08-14T14:05:38Z,99,28544,49140,297.84,26125,484933
2026-08-14T14:05:48Z,100,28544,49140,298.76,26114,484944
2026-08-14T14:05:58Z,100,28544,49140,298.48,26156,484902
2026-08-14T14:06:08Z,100,28544,49140,299.07,26153,484905
2026-08-14T14:06:18Z,100,28544,49140,299.03,26122,484936
2026-08-14T14:06:28Z,100,28544,49140,298.32,26162,484896
2026-08-14T14:06:38Z,100,28544,49140,298.89,26140,484917
2026-08-14T14:06:48Z,99,28544,49140,297.64,26110,484947
2026-08-14T14:06:58Z,100,28544,49140,298.40,26087,484970
2026-08-14T14:07:08Z,100,28544,49140,299.36,26189,484863
2026-08-14T14:07:18Z,100,28544,49140,299.11,26152,484906
2026-08-14T14:07:28Z,100,28544,49140,298.27,26124,484934
2026-08-14T14:07:38Z,100,28544,49140,298.13,26108,484949
2026-08-14T14:07:48Z,99,28544,49140,299.06,26095,484962
2026-08-14T14:07:58Z,100,28544,49140,296.58,26061,484997
2026-08-14T14:08:08Z,99,28544,49140,298.99,26074,484983
2026-08-14T14:08:18Z,100,28544,49140,297.86,26061,484996
2026-08-14T14:08:28Z,98,28544,49140,297.74,26078,484979
2026-08-14T14:08:38Z,100,28544,49140,299.09,26111,484947
2026-08-14T14:08:48Z,100,28544,49140,297.89,26108,484949
2026-08-14T14:08:58Z,100,28544,49140,294.43,26092,484965
2026-08-14T14:09:08Z,100,28544,49140,299.52,26092,484966
2026-08-14T14:09:18Z,99,28544,49140,298.14,26077,484980
2026-08-14T14:09:28Z,100,28544,49140,297.10,26088,484970
2026-08-14T14:09:38Z,99,28544,49140,298.70,26063,484995
2026-08-14T14:09:48Z,100,28544,49140,298.93,26071,484986
2026-08-14T14:09:58Z,100,28544,49140,298.67,26053,485005
2026-08-14T14:10:09Z,99,28544,49140,299.10,26243,484815
2026-08-14T14:10:19Z,100,28544,49140,298.28,26215,484843
2026-08-14T14:10:29Z,100,28544,49140,298.56,26150,484908
2026-08-14T14:10:39Z,100,28544,49140,297.99,26092,484966
2026-08-14T14:10:49Z,100,28544,49140,296.96,26077,484980
2026-08-14T14:10:59Z,100,28544,49140,297.65,26075,484982
2026-08-14T14:11:09Z,100,28544,49140,297.87,26057,485001
2026-08-14T14:11:19Z,100,28544,49140,298.01,26051,485006
2026-08-14T14:11:29Z,100,28544,49140,297.30,26105,484953
2026-08-14T14:11:39Z,100,28544,49140,298.71,26088,484969
2026-08-14T14:11:49Z,100,28544,49140,296.48,26712,484346
2026-08-14T14:11:59Z,100,28544,49140,298.65,27751,483306
2026-08-14T14:12:09Z,99,28544,49140,297.74,27770,483287
2026-08-14T14:12:19Z,100,28544,49140,297.89,27797,483261
2026-08-14T14:12:29Z,100,28544,49140,299.22,27740,483317
2026-08-14T14:12:39Z,100,28544,49140,298.90,27695,483362
2026-08-14T14:12:49Z,99,28544,49140,298.60,27708,483349
2026-08-14T14:12:59Z,100,28544,49140,299.18,27697,483360
2026-08-14T14:13:09Z,100,28544,49140,299.05,27622,483436
2026-08-14T14:13:19Z,100,28544,49140,299.15,27649,483409
2026-08-14T14:13:29Z,100,28544,49140,297.72,27635,483423
2026-08-14T14:13:39Z,99,28544,49140,299.00,27633,483424
2026-08-14T14:13:49Z,100,28544,49140,299.10,27861,483197
2026-08-14T14:13:59Z,100,28544,49140,297.98,22897,488160
2026-08-14T14:14:09Z,100,28544,49140,298.85,22824,488234
2026-08-14T14:14:19Z,100,28544,49140,298.87,22737,488321
2026-08-14T14:14:29Z,100,28544,49140,298.95,22665,488393
2026-08-14T14:14:39Z,100,28544,49140,297.03,22584,488473
2026-08-14T14:14:49Z,100,28544,49140,298.67,22491,488566
2026-08-14T14:14:59Z,100,28544,49140,297.69,22449,488609
2026-08-14T14:15:09Z,99,28544,49140,298.07,22517,488540
2026-08-14T14:15:19Z,100,28544,49140,297.86,22508,488550
2026-08-14T14:15:29Z,100,28544,49140,297.99,22427,488631
2026-08-14T14:15:39Z,98,28544,49140,298.23,22470,488588
2026-08-14T14:15:49Z,99,28544,49140,298.95,22488,488570
2026-08-14T14:16:00Z,100,28544,49140,297.69,22455,488603
2026-08-14T14:16:10Z,99,28544,49140,293.96,22426,488632
2026-08-14T14:16:20Z,100,28544,49140,299.64,22419,488638
2026-08-14T14:16:30Z,100,28544,49140,298.36,22455,488603
2026-08-14T14:16:40Z,100,28544,49140,295.13,22490,488567
2026-08-14T14:16:50Z,100,28544,49140,299.09,22504,488554
2026-08-14T14:17:00Z,100,28544,49140,299.16,22492,488565
2026-08-14T14:17:10Z,100,28544,49140,297.52,22509,488549
2026-08-14T14:17:20Z,100,28544,49140,296.76,22492,488565
2026-08-14T14:17:30Z,100,28544,49140,298.22,22486,488571
2026-08-14T14:17:40Z,100,28544,49140,298.24,22502,488556
2026-08-14T14:17:50Z,100,28544,49140,298.95,22455,488602
2026-08-14T14:18:00Z,100,28544,49140,298.39,22447,488611
2026-08-14T14:18:10Z,100,28544,49140,299.15,22492,488566
2026-08-14T14:18:20Z,100,28544,49140,298.45,22485,488572
2026-08-14T14:18:30Z,100,28544,49140,295.21,22486,488572
2026-08-14T14:18:40Z,99,28544,49140,298.68,22480,488577
2026-08-14T14:18:50Z,100,28544,49140,299.27,22510,488548
2026-08-14T14:19:00Z,100,28544,49140,298.61,22772,488285
2026-08-14T14:19:10Z,100,28544,49140,299.17,22645,488412
2026-08-14T14:19:20Z,100,28544,49140,298.77,22132,488925
2026-08-14T14:19:30Z,99,28544,49140,298.23,22054,489004
2026-08-14T14:19:40Z,100,28544,49140,298.45,22421,488637
2026-08-14T14:19:50Z,100,28544,49140,299.06,22440,488618
2026-08-14T14:20:00Z,100,28544,49140,298.64,22339,488718
2026-08-14T14:20:10Z,99,28544,49140,297.90,22433,488624
2026-08-14T14:20:20Z,100,28544,49140,299.10,22323,488734
2026-08-14T14:20:30Z,100,28544,49140,297.75,22349,488709
2026-08-14T14:20:40Z,100,28544,49140,297.56,22330,488728
2026-08-14T14:20:50Z,100,28544,49140,297.87,22995,488062
2026-08-14T14:21:00Z,100,28544,49140,298.50,22922,488135
2026-08-14T14:21:10Z,100,28544,49140,298.12,22764,488294
2026-08-14T14:21:20Z,100,28544,49140,297.81,22763,488295
2026-08-14T14:21:30Z,100,28544,49140,298.56,22669,488389
2026-08-14T14:21:40Z,100,28544,49140,298.30,22556,488501
2026-08-14T14:21:51Z,100,28544,49140,297.27,22638,488420
2026-08-14T14:22:01Z,99,28544,49140,298.77,22548,488509
2026-08-14T14:22:11Z,100,28544,49140,297.68,22641,488417
2026-08-14T14:22:21Z,99,28544,49140,299.05,22556,488501
2026-08-14T14:22:31Z,100,28544,49140,299.16,22566,488491
2026-08-14T14:22:41Z,100,28544,49140,297.85,22534,488524
2026-08-14T14:22:51Z,100,28544,49140,298.75,28262,482796
2026-08-14T14:23:01Z,100,28544,49140,299.12,28272,482786
2026-08-14T14:23:11Z,100,28544,49140,298.17,29103,481954
2026-08-14T14:23:21Z,100,28544,49140,298.43,29006,482052
2026-08-14T14:23:31Z,99,28544,49140,297.96,29005,482053
2026-08-14T14:23:41Z,99,28544,49140,298.39,30263,480795
2026-08-14T14:23:51Z,100,28544,49140,298.55,26997,484060
2026-08-14T14:24:01Z,100,28544,49140,298.23,26889,484168
2026-08-14T14:24:11Z,99,28544,49140,297.20,26804,484254
2026-08-14T14:24:21Z,99,28544,49140,298.92,28059,482998
2026-08-14T14:24:31Z,100,28544,49140,298.76,27980,483077
2026-08-14T14:24:41Z,100,28544,49140,297.06,27947,483111
2026-08-14T14:24:51Z,100,28544,49140,298.03,27921,483136
2026-08-14T14:25:01Z,100,28544,49140,298.14,28050,483007
2026-08-14T14:25:11Z,99,28544,49140,296.05,27886,483172
2026-08-14T14:25:21Z,100,28544,49140,299.08,27829,483228
2026-08-14T14:25:31Z,99,28544,49140,298.37,24693,486365
2026-08-14T14:25:41Z,100,28544,49140,297.86,24615,486442
2026-08-14T14:25:51Z,100,28544,49140,299.34,26277,484781
2026-08-14T14:26:01Z,100,28544,49140,298.44,29116,481942
2026-08-14T14:26:11Z,100,28544,49140,298.70,29021,482037
2026-08-14T14:26:21Z,100,28544,49140,298.34,28971,482086
2026-08-14T14:26:31Z,100,28544,49140,298.53,29675,481382
2026-08-14T14:26:41Z,100,28544,49140,297.96,29529,481529
2026-08-14T14:26:51Z,100,28544,49140,299.40,29395,481663
2026-08-14T14:27:01Z,100,28544,49140,298.42,29305,481752
2026-08-14T14:27:11Z,100,28544,49140,297.40,29220,481838
2026-08-14T14:27:21Z,100,28544,49140,298.19,29146,481909
2026-08-14T14:27:31Z,100,28544,49140,295.87,29509,481549
2026-08-14T14:27:42Z,100,28544,49140,297.37,29883,481175
2026-08-14T14:27:52Z,100,28544,49140,297.63,25908,485150
2026-08-14T14:28:02Z,100,28544,49140,296.23,25785,485273
2026-08-14T14:28:12Z,99,28544,49140,299.58,25675,485383
2026-08-14T14:28:22Z,100,28544,49140,297.96,25562,485496
2026-08-14T14:28:32Z,100,28544,49140,298.07,25378,485679
2026-08-14T14:28:42Z,98,28544,49140,297.98,25312,485746
2026-08-14T14:28:52Z,99,28544,49140,298.42,25269,485788
2026-08-14T14:29:02Z,100,28544,49140,298.52,25228,485830
2026-08-14T14:29:12Z,100,28544,49140,297.41,25182,485876
2026-08-14T14:29:22Z,100,28544,49140,298.95,25170,485887
2026-08-14T14:29:32Z,100,28544,49140,297.84,29428,481630
2026-08-14T14:29:42Z,100,28544,49140,297.60,28151,482907
2026-08-14T14:29:52Z,100,28544,49140,298.04,28042,483016
2026-08-14T14:30:02Z,99,28544,49140,295.96,30679,480379
2026-08-14T14:30:12Z,100,28544,49140,299.37,26026,485032
2026-08-14T14:30:22Z,99,28544,49140,298.11,26474,484584
2026-08-14T14:30:32Z,100,28544,49140,296.55,26423,484635
2026-08-14T14:30:42Z,100,28544,49140,299.07,26511,484546
2026-08-14T14:30:52Z,100,28544,49140,298.99,23157,487900
2026-08-14T14:31:02Z,100,28544,49140,298.06,23068,487989
2026-08-14T14:31:12Z,100,28544,49140,298.21,27615,483442
2026-08-14T14:31:22Z,100,28544,49140,297.81,28340,482717
2026-08-14T14:31:32Z,99,28544,49140,296.71,28072,482985
2026-08-14T14:31:42Z,100,28544,49140,299.20,28082,482975
2026-08-14T14:31:52Z,100,28544,49140,298.40,28085,482973
2026-08-14T14:32:02Z,100,28544,49140,294.26,27998,483059
2026-08-14T14:32:12Z,99,28544,49140,298.99,27970,483087
2026-08-14T14:32:22Z,99,28544,49140,298.66,27924,483133
2026-08-14T14:32:32Z,100,28544,49140,298.69,27865,483192
2026-08-14T14:32:42Z,99,28544,49140,297.80,27890,483167
2026-08-14T14:32:52Z,99,28544,49140,297.94,27799,483259
2026-08-14T14:33:02Z,100,28544,49140,298.65,27724,483334
2026-08-14T14:33:12Z,100,28544,49140,298.07,27680,483378
2026-08-14T14:33:22Z,100,28544,49140,298.51,27656,483401
2026-08-14T14:33:33Z,99,28544,49140,296.24,27619,483439
2026-08-14T14:33:43Z,100,28544,49140,298.45,27680,483378
2026-08-14T14:33:53Z,99,28544,49140,298.28,27903,483154
2026-08-14T14:34:03Z,100,28544,49140,296.33,27241,483816
2026-08-14T14:34:13Z,100,28544,49140,298.69,27155,483902
2026-08-14T14:34:23Z,100,28544,49140,297.79,27132,483925
2026-08-14T14:34:33Z,100,28544,49140,298.48,27117,483941
2026-08-14T14:34:43Z,100,28544,49140,298.84,27121,483936
2026-08-14T14:34:53Z,100,28544,49140,297.79,27131,483926
2026-08-14T14:35:03Z,99,28544,49140,298.19,27320,483738
2026-08-14T14:35:13Z,99,28544,49140,298.63,27257,483800
2026-08-14T14:35:23Z,100,28544,49140,298.72,27196,483862
2026-08-14T14:35:33Z,100,28544,49140,299.03,27135,483922
2026-08-14T14:35:43Z,99,28544,49140,298.93,27134,483923
2026-08-14T14:35:53Z,100,28544,49140,297.98,27135,483922
2026-08-14T14:36:03Z,100,28544,49140,294.63,27152,483905
2026-08-14T14:36:13Z,99,28544,49140,298.72,27121,483937
2026-08-14T14:36:23Z,99,28544,49140,299.00,27105,483952
2026-08-14T14:36:33Z,100,28544,49140,296.11,27138,483919
2026-08-14T14:36:43Z,100,28544,49140,299.58,27161,483896
2026-08-14T14:36:53Z,99,28544,49140,298.75,27185,483873
2026-08-14T14:37:03Z,100,28544,49140,297.49,27123,483934
2026-08-14T14:37:13Z,99,28544,49140,301.62,27105,483953
2026-08-14T14:37:23Z,100,28544,49140,298.51,27189,483868
2026-08-14T14:37:33Z,100,28544,49140,298.40,27139,483918
2026-08-14T14:37:43Z,100,28544,49140,298.51,27126,483931
2026-08-14T14:37:53Z,100,28544,49140,296.51,27821,483236
2026-08-14T14:38:03Z,100,28544,49140,299.31,28849,482208
2026-08-14T14:38:13Z,100,28544,49140,298.80,28864,482194
2026-08-14T14:38:23Z,100,28544,49140,297.48,28829,482228
2026-08-14T14:38:33Z,100,28544,49140,299.15,28749,482309
2026-08-14T14:38:43Z,100,28544,49140,297.68,28662,482395
2026-08-14T14:38:53Z,99,28544,49140,298.51,28620,482438
2026-08-14T14:39:03Z,100,28544,49140,298.72,28585,482472
2026-08-14T14:39:13Z,100,28544,49140,298.46,28579,482479
2026-08-14T14:39:24Z,99,28544,49140,298.30,28609,482449
2026-08-14T14:39:34Z,100,28544,49140,298.47,28618,482439
2026-08-14T14:39:44Z,99,28544,49140,295.67,28609,482449
2026-08-14T14:39:54Z,100,28544,49140,298.62,28577,482480
2026-08-14T14:40:04Z,100,28544,49140,298.24,28705,482353
2026-08-14T14:40:14Z,100,28544,49140,298.69,28696,482361
2026-08-14T14:40:24Z,99,28544,49140,298.46,28644,482413
2026-08-14T14:40:34Z,100,28544,49140,297.74,29333,481725
2026-08-14T14:40:44Z,99,28544,49140,297.26,29309,481749
2026-08-14T14:40:54Z,100,28544,49140,298.78,29105,481953
2026-08-14T14:41:04Z,100,28544,49140,297.91,29122,481936
2026-08-14T14:41:14Z,99,28544,49140,295.93,29123,481935
2026-08-14T14:41:24Z,100,28544,49140,299.22,28996,482061
2026-08-14T14:41:34Z,100,28544,49140,299.03,27174,483884
2026-08-14T14:41:44Z,100,28544,49140,298.11,27072,483985
2026-08-14T14:41:54Z,11,28544,49140,102.20,28177,482881
2026-08-14T14:42:04Z,100,28544,49140,297.68,28201,482856
2026-08-14T14:42:14Z,100,28544,49140,297.96,28212,482845
2026-08-14T14:42:24Z,99,28544,49140,296.69,29413,481645
2026-08-14T14:42:34Z,100,28544,49140,297.28,24813,486244
2026-08-14T14:42:44Z,100,28544,49140,298.55,24706,486352
2026-08-14T14:42:54Z,100,28544,49140,296.96,29146,481911
2026-08-14T14:43:04Z,100,28544,49140,298.51,29095,481963
2026-08-14T14:43:14Z,100,28544,49140,298.96,29356,481701
2026-08-14T14:43:24Z,100,28544,49140,298.06,29309,481748
2026-08-14T14:43:34Z,100,28544,49140,298.10,29802,481256
2026-08-14T14:43:44Z,100,28544,49140,298.15,30373,480685
2026-08-14T14:43:54Z,99,28544,49140,298.24,25823,485234
2026-08-14T14:44:04Z,100,28544,49140,298.72,25710,485348
2026-08-14T14:44:14Z,100,28544,49140,298.12,25543,485514
2026-08-14T14:44:24Z,100,28544,49140,297.46,25424,485634
2026-08-14T14:44:34Z,100,28544,49140,298.42,25356,485702
2026-08-14T14:44:44Z,100,28544,49140,298.58,25234,485823
2026-08-14T14:44:54Z,100,28544,49140,297.59,25164,485894
2026-08-14T14:45:04Z,100,28544,49140,298.62,25257,485800
2026-08-14T14:45:15Z,100,28544,49140,298.39,25213,485844
2026-08-14T14:45:25Z,100,28544,49140,297.54,25188,485869
2026-08-14T14:45:35Z,100,28544,49140,298.26,25145,485913
2026-08-14T14:45:45Z,100,28544,49140,299.30,25142,485915
2026-08-14T14:45:55Z,100,28544,49140,297.63,25098,485960
2026-08-14T14:46:05Z,100,28544,49140,297.98,25086,485972
2026-08-14T14:46:15Z,100,28544,49140,299.30,28709,482348
2026-08-14T14:46:25Z,99,28544,49140,297.64,29004,482054
2026-08-14T14:46:35Z,99,28544,49140,298.01,28388,482670
2026-08-14T14:46:45Z,99,28544,49140,298.45,28309,482748
2026-08-14T14:46:55Z,100,28544,49140,298.64,28243,482814
2026-08-14T14:47:05Z,100,28544,49140,294.95,27761,483297
2026-08-14T14:47:15Z,100,28544,49140,299.73,27757,483301
2026-08-14T14:47:25Z,100,28544,49140,298.98,27709,483348
2026-08-14T14:47:35Z,100,28544,49140,294.46,28482,482575
2026-08-14T14:47:45Z,100,28544,49140,299.26,28471,482586
2026-08-14T14:47:55Z,100,28544,49140,298.63,28514,482544
2026-08-14T14:48:05Z,100,28544,49140,297.25,28511,482547
2026-08-14T14:48:15Z,100,28544,49140,297.65,28482,482575
2026-08-14T14:48:25Z,100,28544,49140,298.73,25353,485704
2026-08-14T14:48:35Z,100,28544,49140,298.18,25290,485767
2026-08-14T14:48:45Z,100,28544,49140,298.67,30042,481016
2026-08-14T14:48:55Z,100,28544,49140,298.25,29912,481146
2026-08-14T14:49:05Z,99,28544,49140,298.65,30153,480905
2026-08-14T14:49:15Z,100,28544,49140,297.79,30042,481016
2026-08-14T14:49:25Z,100,28544,49140,298.80,29810,481248
2026-08-14T14:49:35Z,100,28544,49140,298.55,30155,480902
2026-08-14T14:49:45Z,100,28544,49140,297.86,30008,481049
2026-08-14T14:49:55Z,100,28544,49140,297.21,29779,481279
2026-08-14T14:50:05Z,98,28544,49140,297.77,26430,484627
2026-08-14T14:50:15Z,99,28544,49140,298.68,26175,484882
2026-08-14T14:50:25Z,100,28544,49140,298.18,26087,484971
2026-08-14T14:50:35Z,100,28544,49140,298.76,25932,485125
2026-08-14T14:50:45Z,100,28544,49140,298.47,25777,485280
2026-08-14T14:50:55Z,100,28544,49140,298.32,25669,485389
2026-08-14T14:51:06Z,100,28544,49140,298.00,25496,485562
2026-08-14T14:51:16Z,100,28544,49140,299.30,25370,485687
2026-08-14T14:51:26Z,100,28544,49140,298.72,25303,485755
2026-08-14T14:51:36Z,100,28544,49140,297.65,25301,485756
2026-08-14T14:51:46Z,99,28544,49140,300.62,25325,485733
2026-08-14T14:51:56Z,99,28544,49140,298.39,25342,485716
2026-08-14T14:52:06Z,100,28544,49140,298.65,25425,485632
2026-08-14T14:52:16Z,100,28544,49140,297.40,25658,485400
2026-08-14T14:52:26Z,99,28544,49140,294.99,25086,485972
2026-08-14T14:52:36Z,100,28544,49140,298.22,25018,486040
2026-08-14T14:52:46Z,100,28544,49140,298.54,25025,486032
2026-08-14T14:52:56Z,100,28544,49140,298.64,24964,486093
2026-08-14T14:53:06Z,100,28544,49140,298.94,24873,486184
2026-08-14T14:53:16Z,99,28544,49140,300.59,24829,486228
2026-08-14T14:53:26Z,99,28544,49140,298.42,24820,486237
2026-08-14T14:53:36Z,100,28544,49140,297.40,24879,486178
2026-08-14T14:53:46Z,100,28544,49140,300.61,24853,486205
2026-08-14T14:53:56Z,99,28544,49140,299.18,25268,485790
2026-08-14T14:54:06Z,100,28544,49140,299.21,26854,484203
2026-08-14T14:54:16Z,100,28544,49140,298.15,26872,484185
2026-08-14T14:54:26Z,100,28544,49140,298.67,26843,484215
2026-08-14T14:54:36Z,100,28544,49140,298.82,26777,484281
2026-08-14T14:54:46Z,99,28544,49140,299.25,26739,484318
2026-08-14T14:54:56Z,100,28544,49140,298.49,26719,484338
2026-08-14T14:55:06Z,100,28544,49140,298.30,26749,484309
2026-08-14T14:55:16Z,99,28544,49140,298.15,26697,484360
2026-08-14T14:55:26Z,100,28544,49140,298.39,26671,484387
2026-08-14T14:55:36Z,100,28544,49140,298.83,26664,484394
2026-08-14T14:55:46Z,100,28544,49140,298.26,26606,484451
2026-08-14T14:55:56Z,99,28544,49140,298.35,26569,484489
2026-08-14T14:56:06Z,100,28544,49140,298.87,26604,484454
2026-08-14T14:56:16Z,100,28544,49140,298.39,26604,484453
2026-08-14T14:56:26Z,100,28544,49140,296.02,26549,484508
2026-08-14T14:56:36Z,99,28544,49140,299.06,28660,482397
2026-08-14T14:56:46Z,100,28544,49140,298.79,28977,482081
2026-08-14T14:56:57Z,100,28544,49140,298.68,28519,482539
2026-08-14T14:57:07Z,100,28544,49140,299.36,28438,482619
2026-08-14T14:57:17Z,100,28544,49140,299.60,28361,482696
2026-08-14T14:57:27Z,100,28544,49140,298.40,29933,481124
2026-08-14T14:57:37Z,100,28544,49140,297.43,27887,483170
2026-08-14T14:57:47Z,99,28544,49140,298.21,27781,483277
2026-08-14T14:57:57Z,100,28544,49140,299.48,28586,482472
2026-08-14T14:58:07Z,100,28544,49140,297.80,29457,481601
2026-08-14T14:58:17Z,99,28544,49140,298.40,29346,481711
2026-08-14T14:58:27Z,99,28544,49140,294.96,25653,485405
2026-08-14T14:58:37Z,100,28544,49140,299.64,25549,485508
2026-08-14T14:58:47Z,100,28544,49140,298.36,29095,481962
2026-08-14T14:58:57Z,100,28544,49140,298.50,29363,481695
2026-08-14T14:59:07Z,100,28544,49140,298.94,29176,481882
2026-08-14T14:59:17Z,100,28544,49140,297.75,29112,481946
2026-08-14T14:59:27Z,100,28544,49140,298.22,29058,482000
2026-08-14T14:59:37Z,99,28544,49140,300.57,29540,481518
2026-08-14T14:59:47Z,99,28544,49140,298.46,25581,485476
2026-08-14T14:59:57Z,100,28544,49140,297.89,25456,485601
2026-08-14T15:00:07Z,100,28544,49140,297.90,25482,485576
2026-08-14T15:00:17Z,100,28544,49140,298.36,25246,485811
2026-08-14T15:00:27Z,100,28544,49140,299.38,25091,485967
2026-08-14T15:00:37Z,100,28544,49140,298.23,25015,486043
2026-08-14T15:00:47Z,100,28544,49140,297.93,24956,486102
2026-08-14T15:00:57Z,100,28544,49140,298.43,24943,486114
2026-08-14T15:01:07Z,100,28544,49140,298.65,24927,486131
2026-08-14T15:01:17Z,100,28544,49140,299.05,24871,486186
2026-08-14T15:01:27Z,99,28544,49140,298.30,24908,486150
2026-08-14T15:01:37Z,100,28544,49140,298.80,24885,486173
2026-08-14T15:01:47Z,100,28544,49140,298.41,24889,486168
2026-08-14T15:01:57Z,100,28544,49140,297.80,24910,486148
2026-08-14T15:02:07Z,99,28544,49140,298.96,24921,486137
2026-08-14T15:02:17Z,98,28544,49140,298.79,24903,486155
2026-08-14T15:02:27Z,100,28544,49140,298.11,24933,486124
2026-08-14T15:02:37Z,100,28544,49140,297.90,24937,486121
2026-08-14T15:02:48Z,99,28544,49140,298.46,24929,486129
2026-08-14T15:02:58Z,100,28544,49140,297.70,24876,486181
2026-08-14T15:03:08Z,100,28544,49140,297.86,24925,486133
2026-08-14T15:03:18Z,99,28544,49140,297.66,24885,486173
2026-08-14T15:03:28Z,99,28544,49140,298.26,24866,486191
2026-08-14T15:03:38Z,100,28544,49140,299.08,24892,486166
2026-08-14T15:03:48Z,100,28544,49140,298.56,24917,486141
2026-08-14T15:03:58Z,100,28544,49140,298.03,24922,486135
2026-08-14T15:04:08Z,100,28544,49140,299.35,24921,486137
2026-08-14T15:04:18Z,99,28544,49140,298.42,24940,486118
2026-08-14T15:04:28Z,100,28544,49140,298.95,24910,486148
2026-08-14T15:04:38Z,99,28544,49140,297.64,24949,486108
2026-08-14T15:04:48Z,99,28544,49140,298.10,24932,486125
2026-08-14T15:04:58Z,99,28544,49140,299.27,24904,486153
2026-08-14T15:05:08Z,100,28544,49140,297.54,25027,486031
2026-08-14T15:05:18Z,98,28544,49140,298.40,25001,486056
2026-08-14T15:05:28Z,99,28544,49140,299.26,24948,486109
2026-08-14T15:05:38Z,100,28544,49140,298.61,24936,486122
2026-08-14T15:05:48Z,100,28544,49140,295.92,24930,486128
2026-08-14T15:05:58Z,100,28544,49140,298.06,24929,486128
2026-08-14T15:06:08Z,100,28544,49140,298.57,24958,486099
2026-08-14T15:06:18Z,100,28544,49140,298.03,24923,486134
2026-08-14T15:06:28Z,100,28544,49140,298.03,24915,486143
2026-08-14T15:06:38Z,100,28544,49140,297.73,24924,486133
2026-08-14T15:06:48Z,99,28544,49140,297.69,24913,486144
2026-08-14T15:06:58Z,100,28544,49140,298.11,24882,486176
2026-08-14T15:07:08Z,100,28544,49140,298.36,24930,486128
2026-08-14T15:07:18Z,99,28544,49140,297.17,24941,486116
2026-08-14T15:07:28Z,100,28544,49140,298.64,24930,486127
2026-08-14T15:07:38Z,100,28544,49140,297.26,24903,486154
2026-08-14T15:07:48Z,100,28544,49140,297.27,24893,486165
2026-08-14T15:07:58Z,100,28544,49140,298.73,24911,486146
2026-08-14T15:08:08Z,100,28544,49140,297.80,24922,486136
2026-08-14T15:08:18Z,100,28544,49140,296.80,24892,486165
2026-08-14T15:08:28Z,100,28544,49140,299.08,24899,486158
2026-08-14T15:08:39Z,100,28544,49140,299.21,24931,486127
2026-08-14T15:08:49Z,98,28544,49140,298.26,24898,486159
2026-08-14T15:08:59Z,100,28544,49140,299.39,24912,486145
2026-08-14T15:09:09Z,99,28544,49140,297.80,24991,486066
2026-08-14T15:09:19Z,99,28544,49140,297.28,25092,485966
2026-08-14T15:09:29Z,100,28544,49140,299.05,24601,486457
2026-08-14T15:09:39Z,99,28544,49140,298.70,24572,486485
2026-08-14T15:09:49Z,99,28544,49140,298.12,24563,486495
2026-08-14T15:09:59Z,100,28544,49140,298.62,24539,486518
2026-08-14T15:10:09Z,100,28544,49140,297.87,24636,486422
2026-08-14T15:10:19Z,99,28544,49140,298.83,24556,486501
2026-08-14T15:10:29Z,100,28544,49140,298.13,24476,486582
2026-08-14T15:10:39Z,100,28544,49140,298.58,25135,485922
2026-08-14T15:10:49Z,99,28544,49140,299.38,25149,485909
2026-08-14T15:10:59Z,100,28544,49140,298.06,25105,485953
2026-08-14T15:11:09Z,100,28544,49140,297.64,25095,485962
2026-08-14T15:11:19Z,100,28544,49140,300.60,25079,485978
2026-08-14T15:11:29Z,100,28544,49140,298.79,25007,486050
2026-08-14T15:11:39Z,100,28544,49140,296.11,24980,486077
2026-08-14T15:11:49Z,99,28544,49140,298.67,24978,486079
2026-08-14T15:11:59Z,100,28544,49140,298.05,24944,486114
2026-08-14T15:12:09Z,100,28544,49140,298.94,24977,486080
2026-08-14T15:12:19Z,100,28544,49140,298.55,24957,486101
2026-08-14T15:12:29Z,100,28544,49140,297.58,24953,486104
2026-08-14T15:12:39Z,98,28544,49140,298.97,24944,486114
2026-08-14T15:12:49Z,100,28544,49140,298.97,24951,486106
2026-08-14T15:12:59Z,100,28544,49140,298.93,24963,486095
2026-08-14T15:13:09Z,100,28544,49140,298.71,24974,486084
2026-08-14T15:13:19Z,99,28544,49140,298.24,24929,486129
2026-08-14T15:13:29Z,99,28544,49140,297.97,24916,486142
2026-08-14T15:13:39Z,100,28544,49140,298.87,24889,486168
2026-08-14T15:13:49Z,100,28544,49140,298.70,24952,486106
2026-08-14T15:13:59Z,100,28544,49140,297.58,24966,486092
2026-08-14T15:14:09Z,99,28544,49140,298.83,24941,486116
2026-08-14T15:14:19Z,100,28544,49140,297.95,24919,486138
2026-08-14T15:14:29Z,100,28544,49140,300.24,24908,486149
2026-08-14T15:14:40Z,100,28544,49140,298.39,24899,486158
2026-08-14T15:14:50Z,100,28544,49140,297.76,24887,486171
2026-08-14T15:15:00Z,100,28544,49140,300.39,24913,486145
2026-08-14T15:15:10Z,100,28544,49140,297.62,24990,486067
2026-08-14T15:15:20Z,100,28544,49140,297.77,25002,486056
2026-08-14T15:15:30Z,100,28544,49140,298.28,24956,486101
2026-08-14T15:15:40Z,100,28544,49140,298.27,24950,486108
2026-08-14T15:15:50Z,99,28544,49140,299.06,24941,486117
2026-08-14T15:16:00Z,100,28544,49140,298.41,24921,486136
2026-08-14T15:16:10Z,100,28544,49140,297.95,24938,486119
2026-08-14T15:16:20Z,100,28544,49140,300.71,24992,486065
2026-08-14T15:16:30Z,100,28544,49140,298.45,24976,486082
2026-08-14T15:16:40Z,99,28544,49140,298.06,24988,486070
2026-08-14T15:16:50Z,100,28544,49140,298.98,24979,486079
2026-08-14T15:17:00Z,100,28544,49140,298.16,24982,486076
2026-08-14T15:17:10Z,99,28544,49140,298.04,24949,486108
2026-08-14T15:17:20Z,100,28544,49140,297.74,24965,486092
2026-08-14T15:17:30Z,100,28544,49140,298.27,24974,486084
2026-08-14T15:17:40Z,99,28544,49140,299.27,24975,486083
2026-08-14T15:17:50Z,100,28544,49140,299.05,24989,486069
2026-08-14T15:18:00Z,100,28544,49140,298.09,24963,486094
2026-08-14T15:18:10Z,99,28544,49140,298.96,25084,485973
2026-08-14T15:18:20Z,100,28544,49140,298.57,25063,485994
2026-08-14T15:18:30Z,100,28544,49140,297.67,24571,486486
2026-08-14T15:18:40Z,100,28544,49140,298.75,24506,486551
2026-08-14T15:18:50Z,100,28544,49140,298.40,24498,486560
2026-08-14T15:19:00Z,100,28544,49140,298.01,24449,486609
2026-08-14T15:19:10Z,99,28544,49140,298.79,25121,485936
2026-08-14T15:19:20Z,100,28544,49140,298.04,25113,485944
2026-08-14T15:19:30Z,100,28544,49140,299.17,25066,485991
2026-08-14T15:19:40Z,100,28544,49140,298.55,25540,485518
2026-08-14T15:19:50Z,100,28544,49140,297.70,25125,485932
2026-08-14T15:20:00Z,100,28544,49140,299.23,24981,486077
2026-08-14T15:20:10Z,100,28544,49140,298.72,25017,486041
2026-08-14T15:20:20Z,5,28544,49140,191.68,25099,485959
2026-08-14T15:20:31Z,100,28544,49140,298.42,24980,486077
2026-08-14T15:20:41Z,100,28544,49140,299.18,24952,486106
2026-08-14T15:20:51Z,100,28544,49140,298.18,24936,486121
2026-08-14T15:21:01Z,99,28544,49140,298.31,24892,486165
2026-08-14T15:21:11Z,100,28544,49140,298.96,24923,486134
2026-08-14T15:21:21Z,99,28544,49140,298.82,25464,485593
2026-08-14T15:21:31Z,99,28544,49140,297.46,25395,485662
2026-08-14T15:21:41Z,99,28544,49140,299.17,25464,485594
2026-08-14T15:21:51Z,100,28544,49140,298.90,25473,485585
2026-08-14T15:22:01Z,99,28544,49140,297.76,25366,485692
2026-08-14T15:22:11Z,100,28544,49140,297.89,25368,485689
2026-08-14T15:22:21Z,100,28544,49140,298.44,29407,481651
2026-08-14T15:22:31Z,100,28544,49140,297.49,29312,481745
2026-08-14T15:22:41Z,100,28544,49140,298.15,23843,487215
2026-08-14T15:22:51Z,99,28544,49140,297.18,23704,487353
2026-08-14T15:23:01Z,100,28544,49140,298.65,23595,487463
2026-08-14T15:23:11Z,100,28544,49140,298.55,23572,487485
2026-08-14T15:23:21Z,99,28544,49140,297.08,23454,487603
2026-08-14T15:23:31Z,100,28544,49140,298.54,23414,487643
2026-08-14T15:23:41Z,100,28544,49140,298.20,23325,487733
2026-08-14T15:23:51Z,99,28544,49140,297.83,23242,487815
2026-08-14T15:24:01Z,99,28544,49140,298.83,23280,487778
2026-08-14T15:24:11Z,100,28544,49140,298.56,23295,487762
2026-08-14T15:24:21Z,99,28544,49140,297.57,23149,487909
2026-08-14T15:24:31Z,99,28544,49140,299.12,23115,487942
2026-08-14T15:24:41Z,100,28544,49140,298.89,23128,487929
2026-08-14T15:24:51Z,100,28544,49140,297.21,23135,487922
2026-08-14T15:25:01Z,100,28544,49140,298.74,29415,481643
2026-08-14T15:25:11Z,100,28544,49140,299.36,29097,481960
2026-08-14T15:25:21Z,99,28544,49140,297.59,29013,482044
2026-08-14T15:25:31Z,99,28544,49140,299.20,29001,482056
2026-08-14T15:25:41Z,100,28544,49140,298.85,28993,482064
2026-08-14T15:25:51Z,99,28544,49140,297.85,29292,481766
2026-08-14T15:26:01Z,100,28544,49140,298.64,27513,483544
2026-08-14T15:26:11Z,99,28544,49140,298.54,28583,482475
2026-08-14T15:26:22Z,99,28544,49140,299.90,28551,482507
2026-08-14T15:26:32Z,100,28544,49140,298.80,28477,482580
2026-08-14T15:26:42Z,100,28544,49140,298.04,28491,482567
2026-08-14T15:26:52Z,99,28544,49140,297.67,28483,482574
2026-08-14T15:27:02Z,100,28544,49140,298.27,25225,485832
2026-08-14T15:27:12Z,99,28544,49140,297.50,25217,485841
2026-08-14T15:27:22Z,100,28544,49140,298.52,30191,480867
2026-08-14T15:27:32Z,99,28544,49140,298.48,29973,481085
2026-08-14T15:27:42Z,99,28544,49140,299.35,29789,481269
2026-08-14T15:27:52Z,99,28544,49140,298.31,29720,481338
2026-08-14T15:28:02Z,100,28544,49140,297.54,29576,481482
2026-08-14T15:28:12Z,100,28544,49140,298.99,29497,481561
2026-08-14T15:28:22Z,100,28544,49140,297.81,29394,481663
2026-08-14T15:28:32Z,100,28544,49140,298.59,29669,481388
2026-08-14T15:28:42Z,100,28544,49140,297.54,25838,485220
2026-08-14T15:28:52Z,99,28544,49140,299.27,25729,485329
2026-08-14T15:29:02Z,100,28544,49140,298.79,25628,485430
2026-08-14T15:29:12Z,100,28544,49140,298.11,25521,485536
2026-08-14T15:29:22Z,100,28544,49140,298.19,25487,485570
2026-08-14T15:29:32Z,99,28544,49140,298.17,25322,485735
2026-08-14T15:29:42Z,100,28544,49140,299.18,25271,485787
2026-08-14T15:29:52Z,100,28544,49140,297.53,25274,485784
2026-08-14T15:30:02Z,100,28544,49140,298.81,25421,485637
2026-08-14T15:30:12Z,100,28544,49140,299.48,25364,485694
2026-08-14T15:30:22Z,99,28544,49140,299.14,25299,485759
2026-08-14T15:30:32Z,99,28544,49140,297.62,25343,485714
2026-08-14T15:30:42Z,100,28544,49140,299.32,25268,485789
2026-08-14T15:30:52Z,100,28544,49140,298.37,25260,485797
2026-08-14T15:31:02Z,99,28544,49140,298.38,28730,482327
2026-08-14T15:31:12Z,100,28544,49140,298.04,28736,482321
2026-08-14T15:31:22Z,100,28544,49140,299.38,23785,487273
2026-08-14T15:31:32Z,100,28544,49140,297.64,23746,487312
2026-08-14T15:31:42Z,100,28544,49140,298.52,23670,487388
2026-08-14T15:31:52Z,99,28544,49140,297.05,23565,487492
2026-08-14T15:32:03Z,100,28544,49140,299.74,23491,487566
2026-08-14T15:32:13Z,100,28544,49140,297.62,23385,487672
2026-08-14T15:32:23Z,99,28544,49140,293.64,23344,487713
2026-08-14T15:32:33Z,100,28544,49140,299.14,22810,488247
2026-08-14T15:32:43Z,99,28544,49140,298.75,22802,488255
2026-08-14T15:32:53Z,100,28544,49140,293.85,23457,487600
2026-08-14T15:33:03Z,100,28544,49140,297.92,23487,487571
2026-08-14T15:33:13Z,99,28544,49140,298.35,23519,487539
2026-08-14T15:33:23Z,100,28544,49140,298.83,23510,487547
2026-08-14T15:33:33Z,100,28544,49140,297.75,23492,487565
2026-08-14T15:33:43Z,99,28544,49140,298.50,23501,487557
2026-08-14T15:33:53Z,100,28544,49140,297.79,23460,487598
2026-08-14T15:34:03Z,100,28544,49140,298.26,23477,487581
2026-08-14T15:34:13Z,100,28544,49140,298.82,23508,487550
2026-08-14T15:34:23Z,100,28544,49140,297.20,23493,487564
2026-08-14T15:34:33Z,100,28544,49140,298.47,29016,482042
2026-08-14T15:34:43Z,99,28544,49140,298.76,29694,481364
2026-08-14T15:34:53Z,99,28544,49140,297.78,28896,482161
2026-08-14T15:35:03Z,100,28544,49140,299.40,29011,482047
2026-08-14T15:35:13Z,99,28544,49140,298.29,28936,482122
2026-08-14T15:35:23Z,99,28544,49140,299.40,28871,482186
2026-08-14T15:35:33Z,100,28544,49140,298.22,27648,483410
2026-08-14T15:35:43Z,100,28544,49140,298.46,28154,482903
2026-08-14T15:35:53Z,100,28544,49140,298.86,29330,481728
2026-08-14T15:36:03Z,99,28544,49140,298.70,29354,481703
2026-08-14T15:36:13Z,100,28544,49140,298.78,29291,481766
2026-08-14T15:36:23Z,99,28544,49140,298.15,29287,481771
2026-08-14T15:36:33Z,99,28544,49140,298.39,29267,481791
2026-08-14T15:36:43Z,100,28544,49140,297.82,29238,481819
2026-08-14T15:36:53Z,100,28544,49140,298.53,29267,481790
2026-08-14T15:37:03Z,99,28544,49140,298.50,29285,481773
2026-08-14T15:37:13Z,100,28544,49140,298.69,29291,481766
2026-08-14T15:37:23Z,100,28544,49140,297.51,29264,481794
2026-08-14T15:37:33Z,100,28544,49140,298.73,29239,481819
2026-08-14T15:37:43Z,100,28544,49140,298.08,29262,481795
2026-08-14T15:37:54Z,100,28544,49140,297.98,29265,481792
2026-08-14T15:38:04Z,100,28544,49140,297.84,29636,481421
2026-08-14T15:38:14Z,100,28544,49140,298.40,29040,482017
2026-08-14T15:38:24Z,100,28544,49140,298.69,28982,482075
2026-08-14T15:38:34Z,100,28544,49140,296.83,28935,482123
2026-08-14T15:38:44Z,100,28544,49140,298.99,28899,482158
2026-08-14T15:38:54Z,100,28544,49140,298.11,28834,482224
2026-08-14T15:39:04Z,100,28544,49140,297.18,28702,482355
2026-08-14T15:39:14Z,100,28544,49140,298.66,28629,482428
2026-08-14T15:39:24Z,99,28544,49140,298.17,28621,482436
2026-08-14T15:39:34Z,100,28544,49140,299.08,28668,482390
2026-08-14T15:39:44Z,100,28544,49140,298.34,28675,482382
2026-08-14T15:39:54Z,100,28544,49140,299.09,28658,482399
2026-08-14T15:40:04Z,99,28544,49140,298.67,28773,482285
2026-08-14T15:40:14Z,100,28544,49140,298.83,28750,482308
2026-08-14T15:40:24Z,99,28544,49140,298.10,28757,482300
2026-08-14T15:40:34Z,99,28544,49140,297.17,28700,482357
2026-08-14T15:40:44Z,99,28544,49140,299.08,28667,482391
2026-08-14T15:40:54Z,99,28544,49140,298.61,28687,482370
2026-08-14T15:41:04Z,100,28544,49140,297.16,28691,482367
2026-08-14T15:41:14Z,99,28544,49140,298.55,28713,482344
2026-08-14T15:41:24Z,99,28544,49140,298.21,28651,482406
2026-08-14T15:41:34Z,100,28544,49140,297.08,28827,482231
2026-08-14T15:41:44Z,99,28544,49140,297.65,28953,482104
2026-08-14T15:41:54Z,99,28544,49140,298.78,28212,482845
2026-08-14T15:42:04Z,100,28544,49140,299.02,28184,482874
2026-08-14T15:42:14Z,100,28544,49140,297.73,28190,482867
2026-08-14T15:42:24Z,99,28544,49140,299.06,28193,482864
2026-08-14T15:42:34Z,99,28544,49140,298.39,28184,482874
2026-08-14T15:42:44Z,100,28544,49140,298.96,28138,482919
2026-08-14T15:42:54Z,100,28544,49140,297.96,28138,482919
2026-08-14T15:43:04Z,100,28544,49140,299.25,28168,482890
2026-08-14T15:43:14Z,100,28544,49140,299.05,28878,482180
2026-08-14T15:43:24Z,100,28544,49140,296.88,28619,482439
2026-08-14T15:43:34Z,99,28544,49140,299.24,28473,482584
2026-08-14T15:43:45Z,99,28544,49140,297.67,28356,482702
2026-08-14T15:43:55Z,100,28544,49140,298.14,28236,482822
2026-08-14T15:44:05Z,99,28544,49140,298.93,28109,482949
2026-08-14T15:44:15Z,100,28544,49140,298.79,28029,483028
2026-08-14T15:44:25Z,99,28544,49140,298.23,28038,483020
2026-08-14T15:44:35Z,99,28544,49140,298.97,28013,483045
2026-08-14T15:44:45Z,99,28544,49140,298.94,28041,483017
2026-08-14T15:44:55Z,100,28544,49140,298.53,33595,477463
2026-08-14T15:45:05Z,99,28544,49140,298.67,27860,483198
2026-08-14T15:45:15Z,99,28544,49140,298.22,27794,483264
2026-08-14T15:45:25Z,99,28544,49140,298.88,27755,483303
2026-08-14T15:45:35Z,100,28544,49140,297.98,27745,483312
2026-08-14T15:45:45Z,99,28544,49140,297.34,28681,482377
2026-08-14T15:45:55Z,100,28544,49140,298.45,28938,482119
2026-08-14T15:46:05Z,100,28544,49140,298.58,28932,482126
2026-08-14T15:46:15Z,99,28544,49140,297.88,28933,482125
2026-08-14T15:46:25Z,100,28544,49140,298.42,28936,482122
2026-08-14T15:46:35Z,100,28544,49140,297.96,28958,482099
2026-08-14T15:46:45Z,100,28544,49140,298.79,28982,482075
2026-08-14T15:46:55Z,100,28544,49140,297.89,28978,482079
2026-08-14T15:47:05Z,100,28544,49140,294.80,28930,482128
2026-08-14T15:47:15Z,100,28544,49140,299.02,28959,482098
2026-08-14T15:47:25Z,100,28544,49140,298.93,28990,482068
2026-08-14T15:47:35Z,100,28544,49140,298.13,28989,482068
2026-08-14T15:47:45Z,100,28544,49140,298.84,28992,482066
2026-08-14T15:47:55Z,100,28544,49140,298.47,28956,482102
2026-08-14T15:48:05Z,100,28544,49140,297.27,28960,482097
2026-08-14T15:48:15Z,100,28544,49140,299.08,28981,482077
2026-08-14T15:48:25Z,100,28544,49140,297.94,29071,481986
2026-08-14T15:48:35Z,100,28544,49140,297.96,28451,482606
2026-08-14T15:48:45Z,99,28544,49140,298.42,28451,482607
2026-08-14T15:48:55Z,99,28544,49140,296.93,28439,482618
2026-08-14T15:49:05Z,100,28544,49140,296.15,28526,482526
2026-08-14T15:49:15Z,100,28544,49140,298.52,28517,482540
2026-08-14T15:49:25Z,98,28544,49140,297.53,28467,482591
2026-08-14T15:49:35Z,100,28544,49140,298.86,28452,482605
2026-08-14T15:49:46Z,100,28544,49140,298.33,28609,482449
2026-08-14T15:49:56Z,100,28544,49140,298.25,28556,482501
2026-08-14T15:50:06Z,100,28544,49140,298.02,28664,482388
2026-08-14T15:50:16Z,99,28544,49140,297.78,28506,482551
2026-08-14T15:50:26Z,100,28544,49140,297.90,28459,482598
2026-08-14T15:50:36Z,100,28544,49140,298.44,28468,482590
2026-08-14T15:50:46Z,100,28544,49140,297.74,28431,482626
2026-08-14T15:50:56Z,99,28544,49140,297.31,28428,482630
2026-08-14T15:51:06Z,99,28544,49140,298.82,28563,482495
2026-08-14T15:51:16Z,99,28544,49140,297.76,28487,482570
2026-08-14T15:51:26Z,100,28544,49140,297.62,28493,482565
2026-08-14T15:51:36Z,98,28544,49140,294.49,28473,482585
2026-08-14T15:51:46Z,100,28544,49140,297.40,28432,482626
2026-08-14T15:51:56Z,99,28544,49140,298.21,28481,482576
2026-08-14T15:52:06Z,100,28544,49140,298.27,28435,482622
2026-08-14T15:52:16Z,99,28544,49140,299.26,29109,481948
2026-08-14T15:52:26Z,99,28544,49140,298.38,28982,482075
2026-08-14T15:52:36Z,100,28544,49140,297.83,28844,482213
2026-08-14T15:52:46Z,99,28544,49140,298.54,28721,482336
2026-08-14T15:52:56Z,100,28544,49140,298.71,28631,482426
2026-08-14T15:53:06Z,100,28544,49140,297.89,28508,482550
2026-08-14T15:53:16Z,100,28544,49140,298.54,28429,482628
2026-08-14T15:53:26Z,99,28544,49140,295.48,28429,482628
2026-08-14T15:53:36Z,100,28544,49140,299.47,28447,482610
2026-08-14T15:53:46Z,100,28544,49140,299.58,28423,482634
2026-08-14T15:53:56Z,100,28544,49140,297.98,27252,483806
2026-08-14T15:54:06Z,100,28544,49140,300.97,27397,483661
2026-08-14T15:54:16Z,100,28544,49140,298.66,28044,483014
2026-08-14T15:54:26Z,99,28544,49140,298.54,23678,487380
2026-08-14T15:54:36Z,100,28544,49140,300.19,23590,487467
2026-08-14T15:54:46Z,100,28544,49140,298.80,23496,487561
2026-08-14T15:54:56Z,100,28544,49140,299.17,23444,487613
2026-08-14T15:55:06Z,100,28544,49140,298.81,23502,487555
2026-08-14T15:55:16Z,100,28544,49140,296.99,23350,487707
2026-08-14T15:55:26Z,100,28544,49140,297.93,23297,487760
2026-08-14T15:55:37Z,100,28544,49140,298.81,23256,487802
2026-08-14T15:55:47Z,100,28544,49140,298.53,23222,487836
2026-08-14T15:55:57Z,100,28544,49140,297.74,25449,485608
2026-08-14T15:56:07Z,100,28544,49140,298.84,29288,481770
2026-08-14T15:56:17Z,99,28544,49140,297.18,29611,481447
2026-08-14T15:56:27Z,100,28544,49140,298.53,24082,486976
2026-08-14T15:56:37Z,100,28544,49140,299.38,24010,487048
2026-08-14T15:56:47Z,100,28544,49140,297.08,23885,487173
2026-08-14T15:56:57Z,100,28544,49140,298.26,23749,487308
2026-08-14T15:57:07Z,100,28544,49140,298.24,23135,487923
2026-08-14T15:57:17Z,100,28544,49140,298.59,22989,488069
2026-08-14T15:57:27Z,99,28544,49140,299.08,22931,488126
2026-08-14T15:57:37Z,100,28544,49140,298.72,22903,488154
2026-08-14T15:57:47Z,100,28544,49140,298.27,22853,488204
2026-08-14T15:57:57Z,100,28544,49140,299.02,22815,488242
2026-08-14T15:58:07Z,100,28544,49140,298.28,22781,488276
2026-08-14T15:58:17Z,99,28544,49140,298.58,22745,488312
2026-08-14T15:58:27Z,100,28544,49140,299.48,22725,488333
2026-08-14T15:58:37Z,100,28544,49140,298.18,22725,488333
2026-08-14T15:58:47Z,100,28544,49140,299.10,22818,488239
2026-08-14T15:58:57Z,100,28544,49140,297.05,22834,488224
2026-08-14T15:59:07Z,100,28544,49140,297.79,22841,488217
2026-08-14T15:59:17Z,100,28544,49140,298.30,22790,488268
2026-08-14T15:59:27Z,100,28544,49140,298.93,22765,488292
2026-08-14T15:59:37Z,100,28544,49140,297.20,22734,488323
2026-08-14T15:59:47Z,100,28544,49140,297.87,22729,488329
2026-08-14T15:59:57Z,100,28544,49140,298.37,22768,488289
2026-08-14T16:00:07Z,100,28544,49140,298.75,22878,488179
2026-08-14T16:00:17Z,100,28544,49140,298.58,23476,487582
2026-08-14T16:00:27Z,99,28544,49140,297.60,23423,487634
2026-08-14T16:00:37Z,99,28544,49140,300.78,23369,487689
2026-08-14T16:00:47Z,100,28544,49140,298.98,23327,487731
2026-08-14T16:00:57Z,100,28544,49140,299.15,23310,487747
2026-08-14T16:01:07Z,99,28544,49140,300.90,23315,487743
2026-08-14T16:01:18Z,99,28544,49140,299.06,23249,487809
2026-08-14T16:01:28Z,99,28544,49140,298.05,23244,487813
2026-08-14T16:01:38Z,100,28544,49140,297.70,23213,487844
2026-08-14T16:01:48Z,100,28544,49140,298.12,23209,487849
2026-08-14T16:01:58Z,99,28544,49140,298.06,23293,487764
2026-08-14T16:02:08Z,100,28544,49140,298.34,23406,487652
2026-08-14T16:02:18Z,99,28544,49140,298.50,22858,488199
2026-08-14T16:02:28Z,100,28544,49140,298.23,22787,488271
2026-08-14T16:02:38Z,100,28544,49140,298.36,22793,488264
2026-08-14T16:02:48Z,100,28544,49140,298.42,22777,488281
2026-08-14T16:02:58Z,100,28544,49140,297.39,22769,488289
2026-08-14T16:03:08Z,100,28544,49140,298.43,22948,488110
2026-08-14T16:03:18Z,100,28544,49140,298.48,22924,488133
2026-08-14T16:03:28Z,100,28544,49140,297.88,22835,488222
2026-08-14T16:03:38Z,100,28544,49140,298.85,22819,488239
2026-08-14T16:03:48Z,100,28544,49140,298.24,22802,488255
2026-08-14T16:03:58Z,100,28544,49140,298.28,22833,488225
2026-08-14T16:04:08Z,99,28544,49140,298.79,22836,488222
2026-08-14T16:04:18Z,100,28544,49140,298.13,22816,488242
2026-08-14T16:04:28Z,100,28544,49140,298.21,22777,488281
2026-08-14T16:04:38Z,99,28544,49140,298.25,22799,488258
2026-08-14T16:04:48Z,100,28544,49140,299.06,22797,488261
2026-08-14T16:04:58Z,100,28544,49140,301.01,22860,488198
2026-08-14T16:05:08Z,99,28544,49140,298.10,22980,488078
2026-08-14T16:05:18Z,100,28544,49140,295.30,22944,488113
2026-08-14T16:05:28Z,100,28544,49140,297.92,22926,488131
2026-08-14T16:05:38Z,100,28544,49140,298.13,23512,487546
2026-08-14T16:05:48Z,99,28544,49140,298.69,23494,487564
2026-08-14T16:05:58Z,100,28544,49140,299.30,23481,487576
2026-08-14T16:06:08Z,100,28544,49140,298.17,23489,487568
2026-08-14T16:06:18Z,100,28544,49140,297.89,23483,487575
2026-08-14T16:06:28Z,100,28544,49140,298.40,23499,487558
2026-08-14T16:06:38Z,100,28544,49140,298.21,23444,487614
2026-08-14T16:06:48Z,100,28544,49140,298.31,23427,487630
2026-08-14T16:06:58Z,100,28544,49140,298.72,23423,487635
2026-08-14T16:07:09Z,100,28544,49140,299.08,23428,487630
2026-08-14T16:07:19Z,100,28544,49140,298.17,23517,487541
2026-08-14T16:07:29Z,99,28544,49140,299.06,23657,487401
2026-08-14T16:07:39Z,100,28544,49140,298.56,23650,487408
2026-08-14T16:07:49Z,100,28544,49140,297.37,23923,487135
2026-08-14T16:07:59Z,100,28544,49140,298.51,23860,487197
2026-08-14T16:08:09Z,100,28544,49140,299.01,23864,487193
2026-08-14T16:08:19Z,100,28544,49140,297.89,23876,487181
2026-08-14T16:08:29Z,100,28544,49140,298.74,23956,487102
2026-08-14T16:08:39Z,99,28544,49140,297.94,24014,487044
2026-08-14T16:08:49Z,100,28544,49140,298.83,24205,486853
2026-08-14T16:08:59Z,100,28544,49140,297.52,24204,486853
2026-08-14T16:09:09Z,99,28544,49140,295.80,24138,486920
2026-08-14T16:09:19Z,99,28544,49140,299.24,24098,486960
2026-08-14T16:09:29Z,100,28544,49140,298.94,24097,486961
2026-08-14T16:09:39Z,100,28544,49140,297.68,24083,486974
2026-08-14T16:09:49Z,100,28544,49140,299.11,24080,486978
2026-08-14T16:09:59Z,100,28544,49140,298.14,24068,486990
2026-08-14T16:10:09Z,100,28544,49140,298.65,24101,486956
2026-08-14T16:10:19Z,100,28544,49140,298.62,24056,487002
2026-08-14T16:10:29Z,100,28544,49140,298.44,24051,487007
2026-08-14T16:10:39Z,100,28544,49140,297.42,24033,487025
2026-08-14T16:10:49Z,100,28544,49140,298.49,27790,483268
2026-08-14T16:10:59Z,100,28544,49140,298.24,29784,481274
2026-08-14T16:11:09Z,99,28544,49140,297.59,30248,480809
2026-08-14T16:11:19Z,99,28544,49140,298.77,30232,480826
2026-08-14T16:11:29Z,100,28544,49140,298.52,30210,480848
2026-08-14T16:11:39Z,99,28544,49140,297.99,30188,480870
2026-08-14T16:11:49Z,99,28544,49140,297.64,30209,480848
2026-08-14T16:11:59Z,100,28544,49140,299.60,30198,480859
2026-08-14T16:12:09Z,100,28544,49140,297.98,28462,482596
2026-08-14T16:12:19Z,99,28544,49140,298.17,28361,482697
2026-08-14T16:12:29Z,100,28544,49140,298.56,29136,481922
2026-08-14T16:12:39Z,100,28544,49140,297.66,29123,481935
2026-08-14T16:12:49Z,100,28544,49140,298.18,28820,482238
2026-08-14T16:13:00Z,99,28544,49140,298.55,28782,482275
2026-08-14T16:13:10Z,100,28544,49140,297.75,28778,482280
2026-08-14T16:13:20Z,99,28544,49140,295.91,29395,481663
2026-08-14T16:13:30Z,100,28544,49140,298.74,29303,481754
2026-08-14T16:13:40Z,100,28544,49140,298.43,29196,481862
2026-08-14T16:13:50Z,99,28544,49140,295.63,29113,481944
2026-08-14T16:14:00Z,100,28544,49140,299.26,29007,482050
2026-08-14T16:14:10Z,100,28544,49140,298.29,28939,482118
2026-08-14T16:14:20Z,100,28544,49140,298.20,28814,482244
2026-08-14T16:14:30Z,100,28544,49140,298.77,28825,482233
2026-08-14T16:14:40Z,100,28544,49140,297.39,28800,482257
2026-08-14T16:14:50Z,100,28544,49140,298.12,28767,482291
2026-08-14T16:15:00Z,100,28544,49140,299.04,28784,482274
2026-08-14T16:15:10Z,100,28544,49140,297.71,29055,482003
2026-08-14T16:15:20Z,100,28544,49140,298.38,28917,482141
2026-08-14T16:15:30Z,100,28544,49140,299.05,29223,481835
2026-08-14T16:15:40Z,100,28544,49140,298.10,29309,481749
2026-08-14T16:15:50Z,99,28544,49140,297.27,29245,481813
2026-08-14T16:16:00Z,99,28544,49140,299.12,29251,481806
2026-08-14T16:16:10Z,100,28544,49140,298.97,29362,481696
2026-08-14T16:16:20Z,98,28544,49140,297.04,29384,481673
2026-08-14T16:16:30Z,100,28544,49140,298.79,29413,481645
2026-08-14T16:16:40Z,100,28544,49140,298.90,30075,480982
2026-08-14T16:16:50Z,100,28544,49140,297.30,30078,480979
2026-08-14T16:17:00Z,100,28544,49140,298.92,30103,480954
2026-08-14T16:17:10Z,99,28544,49140,298.90,30214,480844
2026-08-14T16:17:20Z,100,28544,49140,297.60,30245,480812
2026-08-14T16:17:30Z,100,28544,49140,298.76,30258,480799
2026-08-14T16:17:40Z,100,28544,49140,297.76,30171,480886
2026-08-14T16:17:50Z,100,28544,49140,300.02,30095,480962
2026-08-14T16:18:00Z,99,28544,49140,298.88,30083,480975
2026-08-14T16:18:10Z,100,28544,49140,297.48,30160,480897
2026-08-14T16:18:20Z,100,28544,49140,299.16,30097,480961
2026-08-14T16:18:30Z,100,28544,49140,298.95,28925,482132
2026-08-14T16:18:40Z,100,28544,49140,298.19,28899,482159
2026-08-14T16:18:51Z,99,28544,49140,298.68,28871,482186
2026-08-14T16:19:01Z,100,28544,49140,298.44,29409,481649
2026-08-14T16:19:11Z,99,28544,49140,298.16,29375,481683
2026-08-14T16:19:21Z,100,28544,49140,298.17,29371,481687
2026-08-14T16:19:31Z,100,28544,49140,298.05,29325,481732
2026-08-14T16:19:41Z,99,28544,49140,298.46,29714,481343
2026-08-14T16:19:51Z,100,28544,49140,298.48,29378,481680
2026-08-14T16:20:01Z,100,28544,49140,297.93,29334,481724
2026-08-14T16:20:11Z,99,28544,49140,300.02,29417,481641
2026-08-14T16:20:21Z,99,28544,49140,298.22,29352,481706
2026-08-14T16:20:31Z,100,28544,49140,297.80,29308,481749
2026-08-14T16:20:41Z,100,28544,49140,299.70,29346,481711
2026-08-14T16:20:51Z,100,28544,49140,298.13,29353,481705
2026-08-14T16:21:01Z,100,28544,49140,297.48,29652,481406
2026-08-14T16:21:11Z,100,28544,49140,298.69,29790,481268
2026-08-14T16:21:21Z,100,28544,49140,298.22,29990,481067
2026-08-14T16:21:31Z,100,28544,49140,297.67,30190,480867
2026-08-14T16:21:41Z,100,28544,49140,298.88,30110,480948
2026-08-14T16:21:51Z,100,28544,49140,299.22,30533,480524
2026-08-14T16:22:01Z,100,28544,49140,297.52,30294,480763
2026-08-14T16:22:11Z,100,28544,49140,297.51,30603,480455
2026-08-14T16:22:21Z,100,28544,49140,298.94,30547,480511
2026-08-14T16:22:31Z,99,28544,49140,298.93,30469,480588
2026-08-14T16:22:41Z,99,28544,49140,299.14,30442,480615
2026-08-14T16:22:51Z,100,28544,49140,297.64,30372,480685
2026-08-14T16:23:01Z,100,28544,49140,298.45,30772,480285
2026-08-14T16:23:11Z,100,28544,49140,298.60,30767,480290
2026-08-14T16:23:21Z,100,28544,49140,299.14,30691,480366
2026-08-14T16:23:31Z,100,28544,49140,297.40,30805,480252
2026-08-14T16:23:41Z,100,28544,49140,298.25,30924,480134
2026-08-14T16:23:51Z,100,28544,49140,298.15,30975,480082
2026-08-14T16:24:01Z,100,28544,49140,298.76,31159,479899
2026-08-14T16:24:11Z,100,28544,49140,298.62,31218,479839
2026-08-14T16:24:21Z,99,28544,49140,298.50,31338,479719
2026-08-14T16:24:31Z,100,28544,49140,298.93,31343,479715
2026-08-14T16:24:42Z,100,28544,49140,298.86,31289,479769
2026-08-14T16:24:52Z,100,28544,49140,298.16,31301,479757
2026-08-14T16:25:02Z,100,28544,49140,297.56,31651,479406
2026-08-14T16:25:12Z,100,28544,49140,298.61,32280,478694
2026-08-14T16:25:22Z,100,28544,49140,300.99,32310,478664
2026-08-14T16:25:32Z,99,28544,49140,298.39,32314,478659
2026-08-14T16:25:42Z,100,28544,49140,297.98,29401,481572
2026-08-14T16:25:52Z,100,28544,49140,297.70,29359,481614
2026-08-14T16:26:02Z,100,28544,49140,297.94,29345,481628
2026-08-14T16:26:12Z,100,28544,49140,298.53,30001,480973
2026-08-14T16:26:22Z,99,28544,49140,299.50,30023,480951
2026-08-14T16:26:32Z,100,28544,49140,298.58,30021,480953
2026-08-14T16:26:42Z,98,28544,49140,297.94,30023,480951
2026-08-14T16:26:52Z,99,28544,49140,297.65,30025,480948
2026-08-14T16:27:02Z,100,28544,49140,298.73,30017,480956
2026-08-14T16:27:12Z,100,28544,49140,299.43,30010,480964
2026-08-14T16:27:22Z,100,28544,49140,297.85,29999,480974
2026-08-14T16:27:32Z,100,28544,49140,297.18,29955,481019
2026-08-14T16:27:42Z,100,28544,49140,298.76,29977,480996
2026-08-14T16:27:52Z,99,28544,49140,298.87,29985,480988
2026-08-14T16:28:02Z,100,28544,49140,296.47,30101,480872
2026-08-14T16:28:12Z,100,28544,49140,297.63,30085,480888
2026-08-14T16:28:22Z,99,28544,49140,298.13,30446,480527
2026-08-14T16:28:32Z,100,28544,49140,297.74,30462,480512
2026-08-14T16:28:42Z,100,28544,49140,298.55,30242,480731
2026-08-14T16:28:52Z,100,28544,49140,298.90,30632,480342
2026-08-14T16:29:02Z,99,28544,49140,298.08,30793,480181
2026-08-14T16:29:12Z,100,28544,49140,298.72,30768,480205
2026-08-14T16:29:22Z,99,28544,49140,298.39,30603,480370
2026-08-14T16:29:32Z,99,28544,49140,298.09,30475,480499
2026-08-14T16:29:42Z,100,28544,49140,298.61,30375,480599
2026-08-14T16:29:52Z,100,28544,49140,298.81,30328,480645
2026-08-14T16:30:02Z,98,28544,49140,297.98,30431,480542
2026-08-14T16:30:12Z,99,28544,49140,297.55,30298,480675
2026-08-14T16:30:22Z,100,28544,49140,298.24,30220,480753
2026-08-14T16:30:32Z,100,28544,49140,297.43,30704,480269
2026-08-14T16:30:43Z,99,28544,49140,297.87,31310,479664
2026-08-14T16:30:53Z,100,28544,49140,297.56,31265,479709
2026-08-14T16:31:03Z,99,28544,49140,298.42,31173,479801
2026-08-14T16:31:13Z,99,28544,49140,298.68,30902,480071
2026-08-14T16:31:23Z,100,28544,49140,297.91,30651,480322
2026-08-14T16:31:33Z,100,28544,49140,297.40,30501,480472
2026-08-14T16:31:43Z,99,28544,49140,298.49,30339,480634
2026-08-14T16:31:53Z,100,28544,49140,298.98,30236,480738
2026-08-14T16:32:03Z,100,28544,49140,299.63,30147,480826
2026-08-14T16:32:13Z,99,28544,49140,297.18,30151,480823
2026-08-14T16:32:23Z,100,28544,49140,299.22,30095,480878
2026-08-14T16:32:33Z,100,28544,49140,298.71,30055,480919
2026-08-14T16:32:43Z,98,28544,49140,295.49,30175,480799
2026-08-14T16:32:53Z,100,28544,49140,298.91,30302,480672
2026-08-14T16:33:03Z,99,28544,49140,296.94,30741,480233
2026-08-14T16:33:13Z,99,28544,49140,296.95,30960,480013
2026-08-14T16:33:23Z,100,28544,49140,298.68,31015,479959
2026-08-14T16:33:33Z,100,28544,49140,298.44,30867,480106
2026-08-14T16:33:43Z,98,28544,49140,297.57,30642,480331
2026-08-14T16:33:53Z,100,28544,49140,299.26,30933,480040
2026-08-14T16:34:03Z,100,28544,49140,298.89,31224,479749
2026-08-14T16:34:13Z,99,28544,49140,298.99,31026,479948
2026-08-14T16:34:23Z,100,28544,49140,298.68,30888,480085
2026-08-14T16:34:33Z,100,28544,49140,298.81,30723,480250
2026-08-14T16:34:43Z,99,28544,49140,298.37,30593,480380
2026-08-14T16:34:53Z,100,28544,49140,298.52,30547,480427
2026-08-14T16:35:03Z,99,28544,49140,298.68,29976,480998
2026-08-14T16:35:13Z,100,28544,49140,298.48,29839,481134
2026-08-14T16:35:23Z,99,28544,49140,297.85,29760,481214
2026-08-14T16:35:33Z,99,28544,49140,293.96,29682,481291
2026-08-14T16:35:43Z,100,28544,49140,298.97,29611,481362
2026-08-14T16:35:53Z,100,28544,49140,298.84,30236,480737
2026-08-14T16:36:03Z,100,28544,49140,298.30,30148,480825
2026-08-14T16:36:13Z,100,28544,49140,297.83,30072,480901
2026-08-14T16:36:23Z,100,28544,49140,298.61,30004,480970
2026-08-14T16:36:34Z,100,28544,49140,297.66,29944,481029
2026-08-14T16:36:44Z,100,28544,49140,297.18,29912,481061
2026-08-14T16:36:54Z,99,28544,49140,299.04,29866,481107
2026-08-14T16:37:04Z,100,28544,49140,298.66,29857,481117
2026-08-14T16:37:14Z,100,28544,49140,297.30,29869,481105
2026-08-14T16:37:24Z,99,28544,49140,296.85,29861,481113
2026-08-14T16:37:34Z,100,28544,49140,299.76,29866,481107
2026-08-14T16:37:44Z,100,28544,49140,298.81,29952,481021
2026-08-14T16:37:54Z,100,28544,49140,298.11,30075,480899
2026-08-14T16:38:04Z,100,28544,49140,299.89,30362,480612
2026-08-14T16:38:14Z,100,28544,49140,299.12,30379,480595
2026-08-14T16:38:24Z,100,28544,49140,297.18,30722,480252
2026-08-14T16:38:34Z,100,28544,49140,299.58,31024,479950
2026-08-14T16:38:44Z,100,28544,49140,298.58,30818,480155
2026-08-14T16:38:54Z,100,28544,49140,299.37,30656,480317
2026-08-14T16:39:04Z,100,28544,49140,298.34,30999,479975
2026-08-14T16:39:14Z,100,28544,49140,296.53,31135,479839
2026-08-14T16:39:24Z,100,28544,49140,299.12,30774,480199
2026-08-14T16:39:34Z,99,28544,49140,297.81,30539,480434
2026-08-14T16:39:44Z,99,28544,49140,294.01,30375,480598
2026-08-14T16:39:54Z,100,28544,49140,299.51,30226,480748
2026-08-14T16:40:04Z,100,28544,49140,298.30,30246,480727
2026-08-14T16:40:14Z,100,28544,49140,299.07,30183,480790
2026-08-14T16:40:24Z,98,28544,49140,297.67,29547,481427
2026-08-14T16:40:34Z,100,28544,49140,298.80,29434,481539
2026-08-14T16:40:44Z,100,28544,49140,298.20,29375,481599
2026-08-14T16:40:54Z,98,28544,49140,298.14,30057,480917
2026-08-14T16:41:04Z,100,28544,49140,297.86,29997,480977
2026-08-14T16:41:14Z,100,28544,49140,296.23,29970,481003
2026-08-14T16:41:24Z,99,28544,49140,298.96,29893,481080
2026-08-14T16:41:34Z,100,28544,49140,298.52,29815,481158
2026-08-14T16:41:44Z,98,28544,49140,298.19,29761,481212
2026-08-14T16:41:54Z,99,28544,49140,298.95,29757,481216
2026-08-14T16:42:04Z,99,28544,49140,297.49,29773,481200
2026-08-14T16:42:14Z,99,28544,49140,297.04,29766,481207
2026-08-14T16:42:25Z,100,28544,49140,298.14,29762,481211
2026-08-14T16:42:35Z,100,28544,49140,298.02,29799,481174
2026-08-14T16:42:45Z,99,28544,49140,298.21,29879,481094
2026-08-14T16:42:55Z,99,28544,49140,298.74,29935,481039
2026-08-14T16:43:05Z,100,28544,49140,299.34,30340,480633
2026-08-14T16:43:15Z,100,28544,49140,298.09,30632,480341
2026-08-14T16:43:25Z,99,28544,49140,299.91,30647,480326
2026-08-14T16:43:35Z,99,28544,49140,298.70,31086,479888
2026-08-14T16:43:45Z,100,28544,49140,298.48,31107,479866
2026-08-14T16:43:55Z,100,28544,49140,297.58,30919,480054
2026-08-14T16:44:05Z,99,28544,49140,298.12,30974,479999
2026-08-14T16:44:15Z,99,28544,49140,297.72,31382,479591
2026-08-14T16:44:25Z,100,28544,49140,299.20,31884,479089
2026-08-14T16:44:35Z,100,28544,49140,297.93,31715,479258
2026-08-14T16:44:45Z,99,28544,49140,297.76,31718,479256
2026-08-14T16:44:55Z,100,28544,49140,299.52,31878,479095
2026-08-14T16:45:05Z,100,28544,49140,298.18,32508,478466
2026-08-14T16:45:15Z,100,28544,49140,299.45,32093,478881
2026-08-14T16:45:25Z,100,28544,49140,298.47,32129,478844
2026-08-14T16:45:35Z,97,28544,49140,298.12,31899,479075
2026-08-14T16:45:45Z,98,28544,49140,298.64,31788,479186
2026-08-14T16:45:55Z,100,28544,49140,297.77,31865,479109
2026-08-14T16:46:05Z,98,28544,49140,298.70,31869,479105
2026-08-14T16:46:15Z,98,28544,49140,299.02,31976,478997
2026-08-14T16:46:25Z,100,28544,49140,298.33,31982,478992
2026-08-14T16:46:35Z,100,28544,49140,297.24,32126,478848
2026-08-14T16:46:45Z,100,28544,49140,297.40,32161,478812
2026-08-14T16:46:55Z,100,28544,49140,297.99,32284,478690
2026-08-14T16:47:05Z,100,28544,49140,298.39,32301,478672
2026-08-14T16:47:15Z,99,28544,49140,297.18,32448,478525
2026-08-14T16:47:25Z,100,28544,49140,298.53,32509,478465
2026-08-14T16:47:35Z,100,28544,49140,297.61,32598,478376
2026-08-14T16:47:45Z,100,28544,49140,299.15,32646,478328
2026-08-14T16:47:55Z,98,28544,49140,298.78,32724,478249
2026-08-14T16:48:05Z,99,28544,49140,297.69,32779,478195
2026-08-14T16:48:15Z,100,28544,49140,298.42,32784,478190
2026-08-14T16:48:26Z,97,28544,49140,298.33,19636,491453
2026-08-14T16:48:36Z,100,28544,49140,298.37,19763,491326
2026-08-14T16:48:46Z,100,28544,49140,298.25,19884,491206
2026-08-14T16:48:56Z,100,28544,49140,294.14,19956,491133
2026-08-14T16:49:06Z,100,28544,49140,298.43,19933,491157
2026-08-14T16:49:16Z,100,28544,49140,298.08,19920,491170
2026-08-14T16:49:26Z,100,28544,49140,297.79,19937,491153
2026-08-14T16:49:36Z,100,28544,49140,298.98,20035,491054
2026-08-14T16:49:46Z,100,28544,49140,298.16,20136,490953
2026-08-14T16:49:56Z,100,28544,49140,297.65,20252,490838
2026-08-14T16:50:06Z,100,28544,49140,298.58,20519,490571
2026-08-14T16:50:16Z,100,28544,49140,298.72,20558,490532
2026-08-14T16:50:26Z,100,28544,49140,298.86,20560,490529
2026-08-14T16:50:36Z,99,28544,49140,297.97,20664,490425
2026-08-14T16:50:46Z,99,28544,49140,298.83,20800,490290
2026-08-14T16:50:56Z,100,28544,49140,298.39,20938,490152
2026-08-14T16:51:06Z,100,28544,49140,299.09,21396,489693
2026-08-14T16:51:16Z,100,28544,49140,296.95,21740,489349
2026-08-14T16:51:26Z,98,28544,49140,298.39,22041,489048
2026-08-14T16:51:36Z,100,28544,49140,298.44,22219,488870
2026-08-14T16:51:46Z,100,28544,49140,298.21,22293,488797
2026-08-14T16:51:56Z,100,28544,49140,298.42,22314,488775
2026-08-14T16:52:06Z,100,28544,49140,297.85,22571,488518
2026-08-14T16:52:16Z,99,28544,49140,298.29,22700,488390
2026-08-14T16:52:26Z,100,28544,49140,298.88,22823,488267
2026-08-14T16:52:36Z,100,28544,49140,298.00,23120,487969
2026-08-14T16:52:46Z,100,28544,49140,297.98,23381,487708
2026-08-14T16:52:56Z,100,28544,49140,297.55,23920,487169
2026-08-14T16:53:06Z,100,28544,49140,298.70,23833,487257
2026-08-14T16:53:16Z,100,28544,49140,297.88,23785,487304
2026-08-14T16:53:26Z,100,28544,49140,298.97,23721,487368
2026-08-14T16:53:36Z,99,28544,49140,299.02,23673,487417
2026-08-14T16:53:46Z,99,28544,49140,299.61,18470,492619
2026-08-14T16:53:56Z,100,28544,49140,298.46,18973,492116
2026-08-14T16:54:06Z,99,28544,49140,298.09,18475,492614
2026-08-14T16:54:16Z,100,28544,49140,299.17,18227,492863
2026-08-14T16:54:27Z,100,28544,49140,298.49,21263,489827
2026-08-14T16:54:37Z,100,28544,49140,299.26,20849,490241
2026-08-14T16:54:47Z,99,28544,49140,297.74,20709,490381
2026-08-14T16:54:57Z,100,28544,49140,297.97,20437,490652
2026-08-14T16:55:07Z,97,28544,49140,297.43,20566,490524
2026-08-14T16:55:17Z,98,28544,49140,299.55,20324,490765
2026-08-14T16:55:27Z,100,28544,49140,298.41,20198,490892
2026-08-14T16:55:37Z,100,28544,49140,298.78,20116,490974
2026-08-14T16:55:47Z,100,28544,49140,298.57,19699,491474
2026-08-14T16:55:57Z,100,28544,49140,298.97,19648,491526
2026-08-14T16:56:07Z,100,28544,49140,298.14,19647,491527
2026-08-14T16:56:17Z,100,28544,49140,300.28,19641,491533
2026-08-14T16:56:27Z,100,28544,49140,298.18,19604,491570
2026-08-14T16:56:37Z,100,28544,49140,298.30,25789,485384
2026-08-14T16:56:47Z,100,28544,49140,298.79,25758,485416
2026-08-14T16:56:57Z,100,28544,49140,298.53,25810,485364
2026-08-14T16:57:07Z,100,28544,49140,297.65,25917,485257
2026-08-14T16:57:17Z,100,28544,49140,298.84,25818,485356
2026-08-14T16:57:27Z,100,28544,49140,297.85,25862,485311
2026-08-14T16:57:37Z,95,28544,49140,298.65,25911,485263
2026-08-14T16:57:47Z,100,28544,49140,298.32,25946,485227
2026-08-14T16:57:57Z,93,28544,49140,298.25,25960,485214
2026-08-14T16:58:07Z,95,28544,49140,297.86,25952,485222
2026-08-14T16:58:17Z,94,28544,49140,298.65,26028,485145
2026-08-14T16:58:27Z,100,28544,49140,296.74,26015,485159
2026-08-14T16:58:37Z,100,28544,49140,300.07,26024,485149
2026-08-14T16:58:47Z,98,28544,49140,297.82,26026,485148
2026-08-14T16:58:57Z,100,28544,49140,297.44,26040,485133
2026-08-14T16:59:07Z,100,28544,49140,297.81,26103,485070
2026-08-14T16:59:17Z,100,28544,49140,298.95,26056,485117
2026-08-14T16:59:28Z,97,28544,49140,296.69,26070,485104
2026-08-14T16:59:38Z,100,28544,49140,298.56,26074,485100
2026-08-14T16:59:48Z,92,28544,49140,298.43,26093,485081
2026-08-14T16:59:58Z,93,28544,49140,298.56,26133,485040
2026-08-14T17:00:08Z,100,28544,49140,297.79,26246,484928
2026-08-14T17:00:18Z,99,28544,49140,295.52,26178,484996
2026-08-14T17:00:28Z,100,28544,49140,298.59,26200,484974
2026-08-14T17:00:38Z,100,28544,49140,296.99,26169,485005
2026-08-14T17:00:48Z,96,28544,49140,297.14,26165,485008
2026-08-14T17:00:58Z,100,28544,49140,298.62,26175,484999
2026-08-14T17:01:08Z,95,28544,49140,298.87,26210,484964
2026-08-14T17:01:18Z,92,28544,49140,297.61,26176,484997
2026-08-14T17:01:28Z,100,28544,49140,299.15,26183,484991
2026-08-14T17:01:38Z,100,28544,49140,296.96,26171,485003
2026-08-14T17:01:48Z,96,28544,49140,297.06,26224,484949
2026-08-14T17:01:58Z,100,28544,49140,298.92,26263,484910
2026-08-14T17:02:08Z,91,28544,49140,299.88,26290,484884
2026-08-14T17:02:18Z,100,28544,49140,297.27,26264,484909
2026-08-14T17:02:28Z,93,28544,49140,294.45,26233,484941
2026-08-14T17:02:38Z,100,28544,49140,298.32,26237,484937
2026-08-14T17:02:48Z,93,28544,49140,298.02,26257,484916
2026-08-14T17:02:58Z,100,28544,49140,297.28,26299,484872
2026-08-14T17:03:09Z,100,28544,49140,301.88,26547,484626
2026-08-14T17:03:19Z,100,28544,49140,296.79,26462,484711
2026-08-14T17:03:29Z,100,28544,49140,297.76,26422,484752
2026-08-14T17:03:39Z,100,28544,49140,297.13,26386,484787
2026-08-14T17:03:49Z,100,28544,49140,298.83,26318,484855
2026-08-14T17:03:59Z,100,28544,49140,297.88,26301,484873
2026-08-14T17:04:09Z,99,28544,49140,297.15,26331,484842
2026-08-14T17:04:19Z,100,28544,49140,297.67,26292,484881
2026-08-14T17:04:29Z,100,28544,49140,297.17,26343,484830
2026-08-14T17:04:39Z,96,28544,49140,298.20,26329,484845
2026-08-14T17:04:49Z,90,28544,49140,283.52,26351,484822
2026-08-14T17:05:00Z,99,28544,49140,282.54,26348,484826
2026-08-14T17:05:10Z,60,28544,49140,281.97,26499,484674
2026-08-14T17:05:21Z,100,28544,49140,278.44,26421,484753
2026-08-14T17:05:31Z,100,28544,49140,286.97,26371,484802
2026-08-14T17:05:41Z,91,28544,49140,298.45,26354,484819
2026-08-14T17:05:51Z,100,28544,49140,298.28,26370,484804
2026-08-14T17:06:01Z,100,28544,49140,297.39,26366,484808
2026-08-14T17:06:11Z,95,28544,49140,298.06,26367,484806
2026-08-14T17:06:21Z,91,28544,49140,296.12,26377,484796
2026-08-14T17:06:31Z,100,28544,49140,297.97,26386,484787
2026-08-14T17:06:41Z,97,28544,49140,297.13,26344,484830
2026-08-14T17:06:51Z,100,28544,49140,298.79,26378,484795
2026-08-14T17:07:01Z,95,28544,49140,297.33,26391,484782
2026-08-14T17:07:12Z,100,28544,49140,298.62,26369,484805
2026-08-14T17:07:22Z,99,28544,49140,296.10,26348,484826
2026-08-14T17:07:32Z,100,28544,49140,297.61,26377,484797
2026-08-14T17:07:42Z,100,28544,49140,298.23,26401,484773
2026-08-14T17:07:52Z,94,28544,49140,297.92,26399,484775
2026-08-14T17:08:02Z,100,28544,49140,298.09,26396,484777
2026-08-14T17:08:12Z,100,28544,49140,297.44,26420,484754
2026-08-14T17:08:22Z,100,28544,49140,299.02,26431,484742
2026-08-14T17:08:32Z,100,28544,49140,298.76,26453,484721
2026-08-14T17:08:42Z,85,28544,49140,287.06,26440,484733
2026-08-14T17:08:52Z,100,28544,49140,286.80,26413,484760
2026-08-14T17:09:03Z,100,28544,49140,290.16,26421,484753
2026-08-14T17:09:13Z,80,28544,49140,281.01,26414,484760
2026-08-14T17:09:23Z,98,28544,49140,298.25,26392,484782
2026-08-14T17:09:33Z,100,28544,49140,298.13,26363,484811
2026-08-14T17:09:43Z,100,28544,49140,298.14,26388,484785
2026-08-14T17:09:53Z,92,28544,49140,298.39,26405,484769
2026-08-14T17:10:03Z,100,28544,49140,297.99,26455,484719
2026-08-14T17:10:13Z,98,28544,49140,297.93,26507,484666
2026-08-14T17:10:24Z,100,28544,49140,298.39,26448,484725
2026-08-14T17:10:34Z,91,28544,49140,297.28,26425,484748
2026-08-14T17:10:44Z,100,28544,49140,297.46,26433,484741
2026-08-14T17:10:54Z,100,28544,49140,296.74,26458,484715
2026-08-14T17:11:04Z,100,28544,49140,297.04,26462,484711
2026-08-14T17:11:14Z,100,28544,49140,300.12,26439,484734
2026-08-14T17:11:24Z,95,28544,49140,298.41,26459,484714
2026-08-14T17:11:34Z,100,28544,49140,297.02,26447,484727
2026-08-14T17:11:44Z,100,28544,49140,298.51,26425,484748
2026-08-14T17:11:54Z,95,28544,49140,298.13,26452,484722
2026-08-14T17:12:04Z,100,28544,49140,296.30,26458,484716
2026-08-14T17:12:14Z,100,28544,49140,298.84,26488,484686
2026-08-14T17:12:24Z,100,28544,49140,289.82,26435,484739
2026-08-14T17:12:35Z,82,28544,49140,298.08,26443,484731
2026-08-14T17:12:45Z,98,28544,49140,292.45,26421,484752
2026-08-14T17:12:56Z,100,28544,49140,282.17,26438,484736
2026-08-14T17:13:06Z,100,28544,49140,299.05,26488,484686
2026-08-14T17:13:16Z,91,28544,49140,299.27,26463,484711
2026-08-14T17:13:26Z,100,28544,49140,297.71,26464,484709
2026-08-14T17:13:36Z,94,28544,49140,298.30,26474,484700
2026-08-14T17:13:46Z,92,28544,49140,296.48,26493,484681
2026-08-14T17:13:56Z,100,28544,49140,298.31,26480,484694
2026-08-14T17:14:06Z,100,28544,49140,298.77,26526,484647
2026-08-14T17:14:16Z,92,28544,49140,297.85,26500,484673
2026-08-14T17:14:26Z,100,28544,49140,297.99,26520,484654
2026-08-14T17:14:36Z,98,28544,49140,295.36,26495,484678
2026-08-14T17:14:46Z,100,28544,49140,299.47,26515,484658
2026-08-14T17:14:56Z,93,28544,49140,297.78,26544,484630
2026-08-14T17:15:07Z,100,28544,49140,298.17,26697,484476
2026-08-14T17:15:17Z,100,28544,49140,296.93,26604,484569
2026-08-14T17:15:27Z,91,28544,49140,298.11,26568,484605
2026-08-14T17:15:37Z,100,28544,49140,298.41,26528,484645
2026-08-14T17:15:47Z,8,28544,49140,99.01,26667,484507
2026-08-14T17:15:57Z,0,28544,49140,90.89,21989,489185
