timestamp, utilization.gpu [%], memory.used [MiB]
2026/05/28 10:14:47.727, 0 %, 0 MiB
2026/05/28 10:14:57.730, 0 %, 0 MiB
2026/05/28 10:15:07.730, 0 %, 0 MiB
2026/05/28 10:15:17.731, 0 %, 0 MiB
2026/05/28 10:15:27.731, 0 %, 0 MiB
2026/05/28 10:15:37.732, 0 %, 0 MiB
2026/05/28 10:15:47.732, 0 %, 0 MiB
2026/05/28 10:15:57.733, 0 %, 0 MiB
2026/05/28 10:16:07.734, 0 %, 0 MiB
2026/05/28 10:16:17.734, 0 %, 595 MiB
2026/05/28 10:16:27.734, 0 %, 595 MiB
2026/05/28 10:16:37.735, 0 %, 595 MiB
2026/05/28 10:16:47.735, 0 %, 893 MiB
2026/05/28 10:16:57.735, 0 %, 595 MiB
2026/05/28 10:17:07.736, 0 %, 595 MiB
2026/05/28 10:17:17.736, 0 %, 595 MiB
2026/05/28 10:17:27.736, 0 %, 595 MiB
2026/05/28 10:17:37.737, 0 %, 595 MiB
2026/05/28 10:17:47.737, 0 %, 595 MiB
2026/05/28 10:17:57.737, 0 %, 893 MiB
2026/05/28 10:18:07.738, 0 %, 595 MiB
2026/05/28 10:18:17.738, 0 %, 595 MiB
2026/05/28 10:18:27.738, 0 %, 595 MiB
2026/05/28 10:18:37.739, 0 %, 595 MiB
2026/05/28 10:18:47.739, 0 %, 595 MiB
2026/05/28 10:18:57.740, 0 %, 595 MiB
2026/05/28 10:19:07.740, 0 %, 595 MiB
2026/05/28 10:19:17.740, 0 %, 595 MiB
2026/05/28 10:19:27.741, 0 %, 893 MiB
2026/05/28 10:19:37.741, 0 %, 595 MiB
2026/05/28 10:19:47.742, 0 %, 595 MiB
2026/05/28 10:19:57.742, 0 %, 595 MiB
2026/05/28 10:20:07.743, 0 %, 595 MiB
2026/05/28 10:20:17.743, 0 %, 595 MiB
2026/05/28 10:20:27.743, 0 %, 595 MiB
2026/05/28 10:20:37.744, 0 %, 595 MiB
2026/05/28 10:20:47.744, 0 %, 595 MiB
2026/05/28 10:20:57.744, 5 %, 595 MiB
2026/05/28 10:21:07.745, 0 %, 595 MiB
2026/05/28 10:21:17.745, 0 %, 895 MiB
2026/05/28 10:21:27.745, 0 %, 595 MiB
2026/05/28 10:21:37.746, 0 %, 895 MiB
2026/05/28 10:21:47.746, 0 %, 595 MiB
2026/05/28 10:21:57.746, 0 %, 595 MiB
2026/05/28 10:22:07.747, 0 %, 595 MiB
2026/05/28 10:22:17.747, 0 %, 595 MiB
2026/05/28 10:22:27.747, 0 %, 595 MiB
2026/05/28 10:22:37.747, 0 %, 595 MiB
2026/05/28 10:22:47.748, 0 %, 595 MiB
2026/05/28 10:22:57.748, 0 %, 595 MiB
2026/05/28 10:23:07.749, 0 %, 595 MiB
2026/05/28 10:23:17.749, 0 %, 595 MiB
2026/05/28 10:23:27.750, 6 %, 595 MiB
2026/05/28 10:23:37.750, 0 %, 595 MiB
2026/05/28 10:23:47.750, 0 %, 895 MiB
2026/05/28 10:23:57.750, 0 %, 595 MiB
2026/05/28 10:24:07.751, 0 %, 895 MiB
2026/05/28 10:24:17.751, 0 %, 595 MiB
2026/05/28 10:24:27.751, 1 %, 595 MiB
2026/05/28 10:24:37.752, 0 %, 595 MiB
2026/05/28 10:24:47.752, 0 %, 595 MiB
2026/05/28 10:24:57.752, 0 %, 595 MiB
2026/05/28 10:25:07.752, 0 %, 595 MiB
2026/05/28 10:25:17.753, 0 %, 595 MiB
2026/05/28 10:25:27.753, 0 %, 595 MiB
2026/05/28 10:25:37.754, 0 %, 595 MiB
2026/05/28 10:25:47.754, 0 %, 595 MiB
2026/05/28 10:25:57.754, 0 %, 595 MiB
2026/05/28 10:26:07.755, 0 %, 595 MiB
2026/05/28 10:26:17.756, 0 %, 595 MiB
2026/05/28 10:26:27.757, 0 %, 595 MiB
2026/05/28 10:26:37.757, 0 %, 895 MiB
2026/05/28 10:26:47.757, 0 %, 595 MiB
2026/05/28 10:26:57.757, 0 %, 895 MiB
2026/05/28 10:27:07.758, 0 %, 595 MiB
2026/05/28 10:27:17.758, 0 %, 595 MiB
2026/05/28 10:27:27.758, 0 %, 595 MiB
2026/05/28 10:27:37.758, 0 %, 595 MiB
2026/05/28 10:27:47.759, 0 %, 595 MiB
2026/05/28 10:27:57.759, 0 %, 595 MiB
2026/05/28 10:28:07.759, 0 %, 595 MiB
2026/05/28 10:28:17.760, 0 %, 595 MiB
2026/05/28 10:28:27.760, 0 %, 595 MiB
2026/05/28 10:28:37.761, 0 %, 595 MiB
2026/05/28 10:28:47.762, 0 %, 595 MiB
2026/05/28 10:28:57.763, 0 %, 595 MiB
2026/05/28 10:29:07.764, 0 %, 895 MiB
2026/05/28 10:29:17.764, 0 %, 595 MiB
2026/05/28 10:29:27.765, 0 %, 895 MiB
2026/05/28 10:29:37.765, 0 %, 595 MiB
2026/05/28 10:29:47.765, 7 %, 595 MiB
2026/05/28 10:29:57.765, 0 %, 595 MiB
2026/05/28 10:30:07.766, 0 %, 595 MiB
2026/05/28 10:30:17.767, 0 %, 595 MiB
2026/05/28 10:30:27.767, 0 %, 597 MiB
2026/05/28 10:30:37.767, 0 %, 597 MiB
2026/05/28 10:30:47.768, 0 %, 597 MiB
2026/05/28 10:30:57.768, 0 %, 597 MiB
2026/05/28 10:31:07.769, 0 %, 597 MiB
2026/05/28 10:31:17.769, 0 %, 597 MiB
2026/05/28 10:31:27.769, 0 %, 597 MiB
2026/05/28 10:31:37.769, 0 %, 597 MiB
2026/05/28 10:31:47.770, 0 %, 597 MiB
2026/05/28 10:31:57.770, 0 %, 895 MiB
2026/05/28 10:32:07.770, 0 %, 597 MiB
2026/05/28 10:32:17.770, 0 %, 895 MiB
2026/05/28 10:32:27.770, 0 %, 597 MiB
2026/05/28 10:32:37.771, 0 %, 597 MiB
2026/05/28 10:32:47.772, 0 %, 597 MiB
2026/05/28 10:32:57.772, 0 %, 597 MiB
2026/05/28 10:33:07.773, 0 %, 597 MiB
2026/05/28 10:33:17.773, 0 %, 597 MiB
2026/05/28 10:33:27.774, 0 %, 597 MiB
2026/05/28 10:33:37.774, 0 %, 597 MiB
2026/05/28 10:33:47.774, 0 %, 597 MiB
2026/05/28 10:33:57.774, 0 %, 597 MiB
2026/05/28 10:34:07.774, 0 %, 597 MiB
2026/05/28 10:34:17.774, 0 %, 597 MiB
2026/05/28 10:34:27.775, 0 %, 597 MiB
2026/05/28 10:34:37.775, 0 %, 597 MiB
2026/05/28 10:34:47.775, 0 %, 895 MiB
2026/05/28 10:34:57.775, 0 %, 597 MiB
2026/05/28 10:35:07.776, 0 %, 895 MiB
2026/05/28 10:35:17.776, 0 %, 597 MiB
2026/05/28 10:35:27.776, 11 %, 597 MiB
2026/05/28 10:35:37.776, 0 %, 597 MiB
2026/05/28 10:35:47.777, 0 %, 597 MiB
2026/05/28 10:35:57.777, 0 %, 597 MiB
2026/05/28 10:36:07.777, 0 %, 597 MiB
2026/05/28 10:36:17.777, 0 %, 597 MiB
2026/05/28 10:36:27.777, 0 %, 597 MiB
2026/05/28 10:36:37.778, 0 %, 597 MiB
2026/05/28 10:36:47.778, 0 %, 597 MiB
2026/05/28 10:36:57.778, 0 %, 597 MiB
2026/05/28 10:37:07.779, 0 %, 597 MiB
2026/05/28 10:37:17.779, 7 %, 597 MiB
2026/05/28 10:37:27.779, 0 %, 597 MiB
2026/05/28 10:37:37.779, 0 %, 897 MiB
2026/05/28 10:37:47.780, 0 %, 597 MiB
2026/05/28 10:37:57.780, 0 %, 897 MiB
2026/05/28 10:38:07.780, 0 %, 597 MiB
2026/05/28 10:38:17.780, 0 %, 897 MiB
2026/05/28 10:38:27.781, 0 %, 597 MiB
2026/05/28 10:38:37.781, 0 %, 597 MiB
2026/05/28 10:38:47.781, 0 %, 597 MiB
2026/05/28 10:38:57.781, 0 %, 597 MiB
2026/05/28 10:39:07.782, 0 %, 597 MiB
2026/05/28 10:39:17.782, 0 %, 597 MiB
2026/05/28 10:39:27.782, 0 %, 597 MiB
2026/05/28 10:39:37.782, 0 %, 597 MiB
2026/05/28 10:39:47.783, 0 %, 597 MiB
2026/05/28 10:39:57.783, 0 %, 597 MiB
2026/05/28 10:40:07.783, 0 %, 597 MiB
2026/05/28 10:40:17.784, 0 %, 597 MiB
2026/05/28 10:40:27.784, 0 %, 895 MiB
2026/05/28 10:40:37.784, 0 %, 597 MiB
2026/05/28 10:40:47.784, 0 %, 597 MiB
2026/05/28 10:40:57.784, 0 %, 597 MiB
2026/05/28 10:41:07.785, 0 %, 897 MiB
2026/05/28 10:41:17.785, 0 %, 597 MiB
2026/05/28 10:41:27.785, 0 %, 897 MiB
2026/05/28 10:41:37.785, 0 %, 597 MiB
2026/05/28 10:41:47.786, 0 %, 597 MiB
2026/05/28 10:41:57.786, 0 %, 597 MiB
2026/05/28 10:42:07.786, 0 %, 597 MiB
2026/05/28 10:42:17.788, 0 %, 597 MiB
2026/05/28 10:42:27.788, 0 %, 597 MiB
2026/05/28 10:42:37.788, 0 %, 597 MiB
2026/05/28 10:42:47.788, 0 %, 597 MiB
2026/05/28 10:42:57.788, 0 %, 597 MiB
2026/05/28 10:43:07.789, 0 %, 597 MiB
2026/05/28 10:43:17.789, 0 %, 597 MiB
2026/05/28 10:43:27.789, 0 %, 597 MiB
2026/05/28 10:43:37.789, 0 %, 597 MiB
2026/05/28 10:43:47.789, 0 %, 597 MiB
2026/05/28 10:43:57.790, 0 %, 597 MiB
2026/05/28 10:44:07.790, 0 %, 597 MiB
2026/05/28 10:44:17.790, 0 %, 897 MiB
2026/05/28 10:44:27.791, 0 %, 597 MiB
2026/05/28 10:44:37.791, 0 %, 897 MiB
2026/05/28 10:44:47.792, 0 %, 597 MiB
2026/05/28 10:44:57.792, 6 %, 597 MiB
2026/05/28 10:45:07.792, 0 %, 597 MiB
2026/05/28 10:45:17.793, 0 %, 597 MiB
2026/05/28 10:45:27.793, 0 %, 597 MiB
2026/05/28 10:45:37.793, 0 %, 597 MiB
2026/05/28 10:45:47.794, 0 %, 597 MiB
2026/05/28 10:45:57.794, 0 %, 597 MiB
2026/05/28 10:46:07.794, 0 %, 597 MiB
2026/05/28 10:46:17.794, 0 %, 597 MiB
2026/05/28 10:46:27.795, 0 %, 597 MiB
2026/05/28 10:46:37.796, 0 %, 599 MiB
2026/05/28 10:46:47.796, 0 %, 599 MiB
2026/05/28 10:46:57.796, 0 %, 599 MiB
2026/05/28 10:47:07.797, 0 %, 599 MiB
2026/05/28 10:47:17.798, 0 %, 599 MiB
2026/05/28 10:47:27.798, 0 %, 599 MiB
2026/05/28 10:47:37.799, 0 %, 599 MiB
2026/05/28 10:47:47.799, 5 %, 599 MiB
2026/05/28 10:47:57.799, 4 %, 599 MiB
2026/05/28 10:48:07.800, 0 %, 599 MiB
2026/05/28 10:48:17.800, 0 %, 0 MiB
2026/05/28 10:48:27.800, 0 %, 0 MiB
2026/05/28 10:48:37.801, 0 %, 0 MiB
2026/05/28 10:48:47.801, 0 %, 0 MiB
2026/05/28 10:48:57.802, 0 %, 0 MiB
2026/05/28 10:49:07.802, 0 %, 0 MiB
2026/05/28 10:49:17.802, 0 %, 0 MiB
2026/05/28 10:49:27.802, 0 %, 0 MiB
